459,"Henderson State University","Arkansas","http://www.hsu.edu/athletics.aspx","Men's Baseball"
459,"Henderson State University","Arkansas","http://www.hsu.edu/athletics.aspx","Men's Basketball"
459,"Henderson State University","Arkansas","http://www.hsu.edu/athletics.aspx","Men's Cross Country"
459,"Henderson State University","Arkansas","http://www.hsu.edu/athletics.aspx","Men's Football"
459,"Henderson State University","Arkansas","http://www.hsu.edu/athletics.aspx","Men's Golf"
459,"Henderson State University","Arkansas","http://www.hsu.edu/athletics.aspx","Men's Lacrosse"
459,"Henderson State University","Arkansas","http://www.hsu.edu/athletics.aspx","Men's Rowing/Crew"
459,"Henderson State University","Arkansas","http://www.hsu.edu/athletics.aspx","Men's Soccer"
459,"Henderson State University","Arkansas","http://www.hsu.edu/athletics.aspx","Men's Swim & Dive"
459,"Henderson State University","Arkansas","http://www.hsu.edu/athletics.aspx","Men's Tennis"
459,"Henderson State University","Arkansas","http://www.hsu.edu/athletics.aspx","Men's Track & Field"
459,"Henderson State University","Arkansas","http://www.hsu.edu/athletics.aspx","Men's Wrestling"
459,"Henderson State University","Arkansas","http://www.hsu.edu/athletics.aspx","Women's Basketball"
459,"Henderson State University","Arkansas","http://www.hsu.edu/athletics.aspx","Women's Cross Country"
459,"Henderson State University","Arkansas","http://www.hsu.edu/athletics.aspx","Women's Field Hockey"
459,"Henderson State University","Arkansas","http://www.hsu.edu/athletics.aspx","Women's Golf"
459,"Henderson State University","Arkansas","http://www.hsu.edu/athletics.aspx","Women's Gymnastics"
459,"Henderson State University","Arkansas","http://www.hsu.edu/athletics.aspx","Women's Lacrosse"
459,"Henderson State University","Arkansas","http://www.hsu.edu/athletics.aspx","Women's Rowing/Crew"
459,"Henderson State University","Arkansas","http://www.hsu.edu/athletics.aspx","Women's Soccer"
459,"Henderson State University","Arkansas","http://www.hsu.edu/athletics.aspx","Women's Softball"
459,"Henderson State University","Arkansas","http://www.hsu.edu/athletics.aspx","Women's Swim & Dive"
459,"Henderson State University","Arkansas","http://www.hsu.edu/athletics.aspx","Women's Tennis"
459,"Henderson State University","Arkansas","http://www.hsu.edu/athletics.aspx","Women's Track & Field"
459,"Henderson State University","Arkansas","http://www.hsu.edu/athletics.aspx","Women's Volleyball"
625,"Fayetteville State University","North Carolina","http://www.fsubroncos.com/","Men's Baseball"
625,"Fayetteville State University","North Carolina","http://www.fsubroncos.com/","Men's Basketball"
625,"Fayetteville State University","North Carolina","http://www.fsubroncos.com/","Men's Cross Country"
625,"Fayetteville State University","North Carolina","http://www.fsubroncos.com/","Men's Football"
625,"Fayetteville State University","North Carolina","http://www.fsubroncos.com/","Men's Golf"
625,"Fayetteville State University","North Carolina","http://www.fsubroncos.com/","Men's Lacrosse"
625,"Fayetteville State University","North Carolina","http://www.fsubroncos.com/","Men's Rowing/Crew"
625,"Fayetteville State University","North Carolina","http://www.fsubroncos.com/","Men's Soccer"
625,"Fayetteville State University","North Carolina","http://www.fsubroncos.com/","Men's Swim & Dive"
625,"Fayetteville State University","North Carolina","http://www.fsubroncos.com/","Men's Tennis"
625,"Fayetteville State University","North Carolina","http://www.fsubroncos.com/","Men's Track & Field"
625,"Fayetteville State University","North Carolina","http://www.fsubroncos.com/","Men's Wrestling"
625,"Fayetteville State University","North Carolina","http://www.fsubroncos.com/","Women's Basketball"
625,"Fayetteville State University","North Carolina","http://www.fsubroncos.com/","Women's Cross Country"
625,"Fayetteville State University","North Carolina","http://www.fsubroncos.com/","Women's Field Hockey"
625,"Fayetteville State University","North Carolina","http://www.fsubroncos.com/","Women's Golf"
625,"Fayetteville State University","North Carolina","http://www.fsubroncos.com/","Women's Gymnastics"
625,"Fayetteville State University","North Carolina","http://www.fsubroncos.com/","Women's Lacrosse"
625,"Fayetteville State University","North Carolina","http://www.fsubroncos.com/","Women's Rowing/Crew"
625,"Fayetteville State University","North Carolina","http://www.fsubroncos.com/","Women's Soccer"
625,"Fayetteville State University","North Carolina","http://www.fsubroncos.com/","Women's Softball"
625,"Fayetteville State University","North Carolina","http://www.fsubroncos.com/","Women's Swim & Dive"
625,"Fayetteville State University","North Carolina","http://www.fsubroncos.com/","Women's Tennis"
625,"Fayetteville State University","North Carolina","http://www.fsubroncos.com/","Women's Track & Field"
625,"Fayetteville State University","North Carolina","http://www.fsubroncos.com/","Women's Volleyball"
659,"Southeastern Oklahoma State University","Oklahoma","http://www.gosoutheastern.com/","Men's Baseball"
659,"Southeastern Oklahoma State University","Oklahoma","http://www.gosoutheastern.com/","Men's Basketball"
659,"Southeastern Oklahoma State University","Oklahoma","http://www.gosoutheastern.com/","Men's Cross Country"
659,"Southeastern Oklahoma State University","Oklahoma","http://www.gosoutheastern.com/","Men's Football"
659,"Southeastern Oklahoma State University","Oklahoma","http://www.gosoutheastern.com/","Men's Golf"
659,"Southeastern Oklahoma State University","Oklahoma","http://www.gosoutheastern.com/","Men's Lacrosse"
659,"Southeastern Oklahoma State University","Oklahoma","http://www.gosoutheastern.com/","Men's Rowing/Crew"
659,"Southeastern Oklahoma State University","Oklahoma","http://www.gosoutheastern.com/","Men's Soccer"
659,"Southeastern Oklahoma State University","Oklahoma","http://www.gosoutheastern.com/","Men's Swim & Dive"
659,"Southeastern Oklahoma State University","Oklahoma","http://www.gosoutheastern.com/","Men's Tennis"
659,"Southeastern Oklahoma State University","Oklahoma","http://www.gosoutheastern.com/","Men's Track & Field"
659,"Southeastern Oklahoma State University","Oklahoma","http://www.gosoutheastern.com/","Men's Wrestling"
659,"Southeastern Oklahoma State University","Oklahoma","http://www.gosoutheastern.com/","Women's Basketball"
659,"Southeastern Oklahoma State University","Oklahoma","http://www.gosoutheastern.com/","Women's Cross Country"
659,"Southeastern Oklahoma State University","Oklahoma","http://www.gosoutheastern.com/","Women's Field Hockey"
659,"Southeastern Oklahoma State University","Oklahoma","http://www.gosoutheastern.com/","Women's Golf"
659,"Southeastern Oklahoma State University","Oklahoma","http://www.gosoutheastern.com/","Women's Gymnastics"
659,"Southeastern Oklahoma State University","Oklahoma","http://www.gosoutheastern.com/","Women's Lacrosse"
659,"Southeastern Oklahoma State University","Oklahoma","http://www.gosoutheastern.com/","Women's Rowing/Crew"
659,"Southeastern Oklahoma State University","Oklahoma","http://www.gosoutheastern.com/","Women's Soccer"
659,"Southeastern Oklahoma State University","Oklahoma","http://www.gosoutheastern.com/","Women's Softball"
659,"Southeastern Oklahoma State University","Oklahoma","http://www.gosoutheastern.com/","Women's Swim & Dive"
659,"Southeastern Oklahoma State University","Oklahoma","http://www.gosoutheastern.com/","Women's Tennis"
659,"Southeastern Oklahoma State University","Oklahoma","http://www.gosoutheastern.com/","Women's Track & Field"
659,"Southeastern Oklahoma State University","Oklahoma","http://www.gosoutheastern.com/","Women's Volleyball"
509,"University of West Florida","Florida","http://www.goargos.com/","Men's Baseball"
509,"University of West Florida","Florida","http://www.goargos.com/","Men's Basketball"
509,"University of West Florida","Florida","http://www.goargos.com/","Men's Cross Country"
509,"University of West Florida","Florida","http://www.goargos.com/","Men's Football"
509,"University of West Florida","Florida","http://www.goargos.com/","Men's Golf"
509,"University of West Florida","Florida","http://www.goargos.com/","Men's Lacrosse"
509,"University of West Florida","Florida","http://www.goargos.com/","Men's Rowing/Crew"
509,"University of West Florida","Florida","http://www.goargos.com/","Men's Soccer"
509,"University of West Florida","Florida","http://www.goargos.com/","Men's Swim & Dive"
509,"University of West Florida","Florida","http://www.goargos.com/","Men's Tennis"
509,"University of West Florida","Florida","http://www.goargos.com/","Men's Track & Field"
509,"University of West Florida","Florida","http://www.goargos.com/","Men's Wrestling"
509,"University of West Florida","Florida","http://www.goargos.com/","Women's Basketball"
509,"University of West Florida","Florida","http://www.goargos.com/","Women's Cross Country"
509,"University of West Florida","Florida","http://www.goargos.com/","Women's Field Hockey"
509,"University of West Florida","Florida","http://www.goargos.com/","Women's Golf"
509,"University of West Florida","Florida","http://www.goargos.com/","Women's Gymnastics"
509,"University of West Florida","Florida","http://www.goargos.com/","Women's Lacrosse"
509,"University of West Florida","Florida","http://www.goargos.com/","Women's Rowing/Crew"
509,"University of West Florida","Florida","http://www.goargos.com/","Women's Soccer"
509,"University of West Florida","Florida","http://www.goargos.com/","Women's Softball"
509,"University of West Florida","Florida","http://www.goargos.com/","Women's Swim & Dive"
509,"University of West Florida","Florida","http://www.goargos.com/","Women's Tennis"
509,"University of West Florida","Florida","http://www.goargos.com/","Women's Track & Field"
509,"University of West Florida","Florida","http://www.goargos.com/","Women's Volleyball"
469,"California State University, Los Angeles","California","http://www.csulaathletics.com/","Men's Baseball"
469,"California State University, Los Angeles","California","http://www.csulaathletics.com/","Men's Basketball"
469,"California State University, Los Angeles","California","http://www.csulaathletics.com/","Men's Cross Country"
469,"California State University, Los Angeles","California","http://www.csulaathletics.com/","Men's Football"
469,"California State University, Los Angeles","California","http://www.csulaathletics.com/","Men's Golf"
469,"California State University, Los Angeles","California","http://www.csulaathletics.com/","Men's Lacrosse"
469,"California State University, Los Angeles","California","http://www.csulaathletics.com/","Men's Rowing/Crew"
469,"California State University, Los Angeles","California","http://www.csulaathletics.com/","Men's Soccer"
469,"California State University, Los Angeles","California","http://www.csulaathletics.com/","Men's Swim & Dive"
469,"California State University, Los Angeles","California","http://www.csulaathletics.com/","Men's Tennis"
469,"California State University, Los Angeles","California","http://www.csulaathletics.com/","Men's Track & Field"
469,"California State University, Los Angeles","California","http://www.csulaathletics.com/","Men's Wrestling"
469,"California State University, Los Angeles","California","http://www.csulaathletics.com/","Women's Basketball"
469,"California State University, Los Angeles","California","http://www.csulaathletics.com/","Women's Cross Country"
469,"California State University, Los Angeles","California","http://www.csulaathletics.com/","Women's Field Hockey"
469,"California State University, Los Angeles","California","http://www.csulaathletics.com/","Women's Golf"
469,"California State University, Los Angeles","California","http://www.csulaathletics.com/","Women's Gymnastics"
469,"California State University, Los Angeles","California","http://www.csulaathletics.com/","Women's Lacrosse"
469,"California State University, Los Angeles","California","http://www.csulaathletics.com/","Women's Rowing/Crew"
469,"California State University, Los Angeles","California","http://www.csulaathletics.com/","Women's Soccer"
469,"California State University, Los Angeles","California","http://www.csulaathletics.com/","Women's Softball"
469,"California State University, Los Angeles","California","http://www.csulaathletics.com/","Women's Swim & Dive"
469,"California State University, Los Angeles","California","http://www.csulaathletics.com/","Women's Tennis"
469,"California State University, Los Angeles","California","http://www.csulaathletics.com/","Women's Track & Field"
469,"California State University, Los Angeles","California","http://www.csulaathletics.com/","Women's Volleyball"
690,"Converse College","South Carolina","http://www.converse.edu/athletics","Men's Baseball"
690,"Converse College","South Carolina","http://www.converse.edu/athletics","Men's Basketball"
690,"Converse College","South Carolina","http://www.converse.edu/athletics","Men's Cross Country"
690,"Converse College","South Carolina","http://www.converse.edu/athletics","Men's Football"
690,"Converse College","South Carolina","http://www.converse.edu/athletics","Men's Golf"
690,"Converse College","South Carolina","http://www.converse.edu/athletics","Men's Lacrosse"
690,"Converse College","South Carolina","http://www.converse.edu/athletics","Men's Rowing/Crew"
690,"Converse College","South Carolina","http://www.converse.edu/athletics","Men's Soccer"
690,"Converse College","South Carolina","http://www.converse.edu/athletics","Men's Swim & Dive"
690,"Converse College","South Carolina","http://www.converse.edu/athletics","Men's Tennis"
690,"Converse College","South Carolina","http://www.converse.edu/athletics","Men's Track & Field"
690,"Converse College","South Carolina","http://www.converse.edu/athletics","Men's Wrestling"
690,"Converse College","South Carolina","http://www.converse.edu/athletics","Women's Basketball"
690,"Converse College","South Carolina","http://www.converse.edu/athletics","Women's Cross Country"
690,"Converse College","South Carolina","http://www.converse.edu/athletics","Women's Field Hockey"
690,"Converse College","South Carolina","http://www.converse.edu/athletics","Women's Golf"
690,"Converse College","South Carolina","http://www.converse.edu/athletics","Women's Gymnastics"
690,"Converse College","South Carolina","http://www.converse.edu/athletics","Women's Lacrosse"
690,"Converse College","South Carolina","http://www.converse.edu/athletics","Women's Rowing/Crew"
690,"Converse College","South Carolina","http://www.converse.edu/athletics","Women's Soccer"
690,"Converse College","South Carolina","http://www.converse.edu/athletics","Women's Softball"
690,"Converse College","South Carolina","http://www.converse.edu/athletics","Women's Swim & Dive"
690,"Converse College","South Carolina","http://www.converse.edu/athletics","Women's Tennis"
690,"Converse College","South Carolina","http://www.converse.edu/athletics","Women's Track & Field"
690,"Converse College","South Carolina","http://www.converse.edu/athletics","Women's Volleyball"
636,"Shaw University","North Carolina","http://www.shawbears.com/","Men's Baseball"
636,"Shaw University","North Carolina","http://www.shawbears.com/","Men's Basketball"
636,"Shaw University","North Carolina","http://www.shawbears.com/","Men's Cross Country"
636,"Shaw University","North Carolina","http://www.shawbears.com/","Men's Football"
636,"Shaw University","North Carolina","http://www.shawbears.com/","Men's Golf"
636,"Shaw University","North Carolina","http://www.shawbears.com/","Men's Lacrosse"
636,"Shaw University","North Carolina","http://www.shawbears.com/","Men's Rowing/Crew"
636,"Shaw University","North Carolina","http://www.shawbears.com/","Men's Soccer"
636,"Shaw University","North Carolina","http://www.shawbears.com/","Men's Swim & Dive"
636,"Shaw University","North Carolina","http://www.shawbears.com/","Men's Tennis"
636,"Shaw University","North Carolina","http://www.shawbears.com/","Men's Track & Field"
636,"Shaw University","North Carolina","http://www.shawbears.com/","Men's Wrestling"
636,"Shaw University","North Carolina","http://www.shawbears.com/","Women's Basketball"
636,"Shaw University","North Carolina","http://www.shawbears.com/","Women's Cross Country"
636,"Shaw University","North Carolina","http://www.shawbears.com/","Women's Field Hockey"
636,"Shaw University","North Carolina","http://www.shawbears.com/","Women's Golf"
636,"Shaw University","North Carolina","http://www.shawbears.com/","Women's Gymnastics"
636,"Shaw University","North Carolina","http://www.shawbears.com/","Women's Lacrosse"
636,"Shaw University","North Carolina","http://www.shawbears.com/","Women's Rowing/Crew"
636,"Shaw University","North Carolina","http://www.shawbears.com/","Women's Soccer"
636,"Shaw University","North Carolina","http://www.shawbears.com/","Women's Softball"
636,"Shaw University","North Carolina","http://www.shawbears.com/","Women's Swim & Dive"
636,"Shaw University","North Carolina","http://www.shawbears.com/","Women's Tennis"
636,"Shaw University","North Carolina","http://www.shawbears.com/","Women's Track & Field"
636,"Shaw University","North Carolina","http://www.shawbears.com/","Women's Volleyball"
492,"University of New Haven","Connecticut","http://www.newhavenchargers.com/","Men's Baseball"
492,"University of New Haven","Connecticut","http://www.newhavenchargers.com/","Men's Basketball"
492,"University of New Haven","Connecticut","http://www.newhavenchargers.com/","Men's Cross Country"
492,"University of New Haven","Connecticut","http://www.newhavenchargers.com/","Men's Football"
492,"University of New Haven","Connecticut","http://www.newhavenchargers.com/","Men's Golf"
492,"University of New Haven","Connecticut","http://www.newhavenchargers.com/","Men's Lacrosse"
492,"University of New Haven","Connecticut","http://www.newhavenchargers.com/","Men's Rowing/Crew"
492,"University of New Haven","Connecticut","http://www.newhavenchargers.com/","Men's Soccer"
492,"University of New Haven","Connecticut","http://www.newhavenchargers.com/","Men's Swim & Dive"
492,"University of New Haven","Connecticut","http://www.newhavenchargers.com/","Men's Tennis"
492,"University of New Haven","Connecticut","http://www.newhavenchargers.com/","Men's Track & Field"
492,"University of New Haven","Connecticut","http://www.newhavenchargers.com/","Men's Wrestling"
492,"University of New Haven","Connecticut","http://www.newhavenchargers.com/","Women's Basketball"
492,"University of New Haven","Connecticut","http://www.newhavenchargers.com/","Women's Cross Country"
492,"University of New Haven","Connecticut","http://www.newhavenchargers.com/","Women's Field Hockey"
492,"University of New Haven","Connecticut","http://www.newhavenchargers.com/","Women's Golf"
492,"University of New Haven","Connecticut","http://www.newhavenchargers.com/","Women's Gymnastics"
492,"University of New Haven","Connecticut","http://www.newhavenchargers.com/","Women's Lacrosse"
492,"University of New Haven","Connecticut","http://www.newhavenchargers.com/","Women's Rowing/Crew"
492,"University of New Haven","Connecticut","http://www.newhavenchargers.com/","Women's Soccer"
492,"University of New Haven","Connecticut","http://www.newhavenchargers.com/","Women's Softball"
492,"University of New Haven","Connecticut","http://www.newhavenchargers.com/","Women's Swim & Dive"
492,"University of New Haven","Connecticut","http://www.newhavenchargers.com/","Women's Tennis"
492,"University of New Haven","Connecticut","http://www.newhavenchargers.com/","Women's Track & Field"
492,"University of New Haven","Connecticut","http://www.newhavenchargers.com/","Women's Volleyball"
454,"Grand Canyon University","Arizona","http://www.gculopes.com/","Men's Baseball"
454,"Grand Canyon University","Arizona","http://www.gculopes.com/","Men's Basketball"
454,"Grand Canyon University","Arizona","http://www.gculopes.com/","Men's Cross Country"
454,"Grand Canyon University","Arizona","http://www.gculopes.com/","Men's Football"
454,"Grand Canyon University","Arizona","http://www.gculopes.com/","Men's Golf"
454,"Grand Canyon University","Arizona","http://www.gculopes.com/","Men's Lacrosse"
454,"Grand Canyon University","Arizona","http://www.gculopes.com/","Men's Rowing/Crew"
454,"Grand Canyon University","Arizona","http://www.gculopes.com/","Men's Soccer"
454,"Grand Canyon University","Arizona","http://www.gculopes.com/","Men's Swim & Dive"
454,"Grand Canyon University","Arizona","http://www.gculopes.com/","Men's Tennis"
454,"Grand Canyon University","Arizona","http://www.gculopes.com/","Men's Track & Field"
454,"Grand Canyon University","Arizona","http://www.gculopes.com/","Men's Wrestling"
454,"Grand Canyon University","Arizona","http://www.gculopes.com/","Women's Basketball"
454,"Grand Canyon University","Arizona","http://www.gculopes.com/","Women's Cross Country"
454,"Grand Canyon University","Arizona","http://www.gculopes.com/","Women's Field Hockey"
454,"Grand Canyon University","Arizona","http://www.gculopes.com/","Women's Golf"
454,"Grand Canyon University","Arizona","http://www.gculopes.com/","Women's Gymnastics"
454,"Grand Canyon University","Arizona","http://www.gculopes.com/","Women's Lacrosse"
454,"Grand Canyon University","Arizona","http://www.gculopes.com/","Women's Rowing/Crew"
454,"Grand Canyon University","Arizona","http://www.gculopes.com/","Women's Soccer"
454,"Grand Canyon University","Arizona","http://www.gculopes.com/","Women's Softball"
454,"Grand Canyon University","Arizona","http://www.gculopes.com/","Women's Swim & Dive"
454,"Grand Canyon University","Arizona","http://www.gculopes.com/","Women's Tennis"
454,"Grand Canyon University","Arizona","http://www.gculopes.com/","Women's Track & Field"
454,"Grand Canyon University","Arizona","http://www.gculopes.com/","Women's Volleyball"
600,"Georgian Court University","Nebraska","http://www.georgian.edu/athletics/index.htm","Men's Baseball"
600,"Georgian Court University","Nebraska","http://www.georgian.edu/athletics/index.htm","Men's Basketball"
600,"Georgian Court University","Nebraska","http://www.georgian.edu/athletics/index.htm","Men's Cross Country"
600,"Georgian Court University","Nebraska","http://www.georgian.edu/athletics/index.htm","Men's Football"
600,"Georgian Court University","Nebraska","http://www.georgian.edu/athletics/index.htm","Men's Golf"
600,"Georgian Court University","Nebraska","http://www.georgian.edu/athletics/index.htm","Men's Lacrosse"
600,"Georgian Court University","Nebraska","http://www.georgian.edu/athletics/index.htm","Men's Rowing/Crew"
600,"Georgian Court University","Nebraska","http://www.georgian.edu/athletics/index.htm","Men's Soccer"
600,"Georgian Court University","Nebraska","http://www.georgian.edu/athletics/index.htm","Men's Swim & Dive"
600,"Georgian Court University","Nebraska","http://www.georgian.edu/athletics/index.htm","Men's Tennis"
600,"Georgian Court University","Nebraska","http://www.georgian.edu/athletics/index.htm","Men's Track & Field"
600,"Georgian Court University","Nebraska","http://www.georgian.edu/athletics/index.htm","Men's Wrestling"
600,"Georgian Court University","Nebraska","http://www.georgian.edu/athletics/index.htm","Women's Basketball"
600,"Georgian Court University","Nebraska","http://www.georgian.edu/athletics/index.htm","Women's Cross Country"
600,"Georgian Court University","Nebraska","http://www.georgian.edu/athletics/index.htm","Women's Field Hockey"
600,"Georgian Court University","Nebraska","http://www.georgian.edu/athletics/index.htm","Women's Golf"
600,"Georgian Court University","Nebraska","http://www.georgian.edu/athletics/index.htm","Women's Gymnastics"
600,"Georgian Court University","Nebraska","http://www.georgian.edu/athletics/index.htm","Women's Lacrosse"
600,"Georgian Court University","Nebraska","http://www.georgian.edu/athletics/index.htm","Women's Rowing/Crew"
600,"Georgian Court University","Nebraska","http://www.georgian.edu/athletics/index.htm","Women's Soccer"
600,"Georgian Court University","Nebraska","http://www.georgian.edu/athletics/index.htm","Women's Softball"
600,"Georgian Court University","Nebraska","http://www.georgian.edu/athletics/index.htm","Women's Swim & Dive"
600,"Georgian Court University","Nebraska","http://www.georgian.edu/athletics/index.htm","Women's Tennis"
600,"Georgian Court University","Nebraska","http://www.georgian.edu/athletics/index.htm","Women's Track & Field"
600,"Georgian Court University","Nebraska","http://www.georgian.edu/athletics/index.htm","Women's Volleyball"
710,"Tusculum College","Tennessee","http://tusculumpioneers.com/","Men's Baseball"
710,"Tusculum College","Tennessee","http://tusculumpioneers.com/","Men's Basketball"
710,"Tusculum College","Tennessee","http://tusculumpioneers.com/","Men's Cross Country"
710,"Tusculum College","Tennessee","http://tusculumpioneers.com/","Men's Football"
710,"Tusculum College","Tennessee","http://tusculumpioneers.com/","Men's Golf"
710,"Tusculum College","Tennessee","http://tusculumpioneers.com/","Men's Lacrosse"
710,"Tusculum College","Tennessee","http://tusculumpioneers.com/","Men's Rowing/Crew"
710,"Tusculum College","Tennessee","http://tusculumpioneers.com/","Men's Soccer"
710,"Tusculum College","Tennessee","http://tusculumpioneers.com/","Men's Swim & Dive"
710,"Tusculum College","Tennessee","http://tusculumpioneers.com/","Men's Tennis"
710,"Tusculum College","Tennessee","http://tusculumpioneers.com/","Men's Track & Field"
710,"Tusculum College","Tennessee","http://tusculumpioneers.com/","Men's Wrestling"
710,"Tusculum College","Tennessee","http://tusculumpioneers.com/","Women's Basketball"
710,"Tusculum College","Tennessee","http://tusculumpioneers.com/","Women's Cross Country"
710,"Tusculum College","Tennessee","http://tusculumpioneers.com/","Women's Field Hockey"
710,"Tusculum College","Tennessee","http://tusculumpioneers.com/","Women's Golf"
710,"Tusculum College","Tennessee","http://tusculumpioneers.com/","Women's Gymnastics"
710,"Tusculum College","Tennessee","http://tusculumpioneers.com/","Women's Lacrosse"
710,"Tusculum College","Tennessee","http://tusculumpioneers.com/","Women's Rowing/Crew"
710,"Tusculum College","Tennessee","http://tusculumpioneers.com/","Women's Soccer"
710,"Tusculum College","Tennessee","http://tusculumpioneers.com/","Women's Softball"
710,"Tusculum College","Tennessee","http://tusculumpioneers.com/","Women's Swim & Dive"
710,"Tusculum College","Tennessee","http://tusculumpioneers.com/","Women's Tennis"
710,"Tusculum College","Tennessee","http://tusculumpioneers.com/","Women's Track & Field"
710,"Tusculum College","Tennessee","http://tusculumpioneers.com/","Women's Volleyball"
542,"Newman University","Kansas","http://newmanjets.com/","Men's Baseball"
542,"Newman University","Kansas","http://newmanjets.com/","Men's Basketball"
542,"Newman University","Kansas","http://newmanjets.com/","Men's Cross Country"
542,"Newman University","Kansas","http://newmanjets.com/","Men's Football"
542,"Newman University","Kansas","http://newmanjets.com/","Men's Golf"
542,"Newman University","Kansas","http://newmanjets.com/","Men's Lacrosse"
542,"Newman University","Kansas","http://newmanjets.com/","Men's Rowing/Crew"
542,"Newman University","Kansas","http://newmanjets.com/","Men's Soccer"
542,"Newman University","Kansas","http://newmanjets.com/","Men's Swim & Dive"
542,"Newman University","Kansas","http://newmanjets.com/","Men's Tennis"
542,"Newman University","Kansas","http://newmanjets.com/","Men's Track & Field"
542,"Newman University","Kansas","http://newmanjets.com/","Men's Wrestling"
542,"Newman University","Kansas","http://newmanjets.com/","Women's Basketball"
542,"Newman University","Kansas","http://newmanjets.com/","Women's Cross Country"
542,"Newman University","Kansas","http://newmanjets.com/","Women's Field Hockey"
542,"Newman University","Kansas","http://newmanjets.com/","Women's Golf"
542,"Newman University","Kansas","http://newmanjets.com/","Women's Gymnastics"
542,"Newman University","Kansas","http://newmanjets.com/","Women's Lacrosse"
542,"Newman University","Kansas","http://newmanjets.com/","Women's Rowing/Crew"
542,"Newman University","Kansas","http://newmanjets.com/","Women's Soccer"
542,"Newman University","Kansas","http://newmanjets.com/","Women's Softball"
542,"Newman University","Kansas","http://newmanjets.com/","Women's Swim & Dive"
542,"Newman University","Kansas","http://newmanjets.com/","Women's Tennis"
542,"Newman University","Kansas","http://newmanjets.com/","Women's Track & Field"
542,"Newman University","Kansas","http://newmanjets.com/","Women's Volleyball"
551,"Washington Adventist University","Maryland","http://www.wau.edu/index.php?option=com_content&view=section&layout=blog&id=30&Itemid=49","Men's Baseball"
551,"Washington Adventist University","Maryland","http://www.wau.edu/index.php?option=com_content&view=section&layout=blog&id=30&Itemid=49","Men's Basketball"
551,"Washington Adventist University","Maryland","http://www.wau.edu/index.php?option=com_content&view=section&layout=blog&id=30&Itemid=49","Men's Cross Country"
551,"Washington Adventist University","Maryland","http://www.wau.edu/index.php?option=com_content&view=section&layout=blog&id=30&Itemid=49","Men's Football"
551,"Washington Adventist University","Maryland","http://www.wau.edu/index.php?option=com_content&view=section&layout=blog&id=30&Itemid=49","Men's Golf"
551,"Washington Adventist University","Maryland","http://www.wau.edu/index.php?option=com_content&view=section&layout=blog&id=30&Itemid=49","Men's Lacrosse"
551,"Washington Adventist University","Maryland","http://www.wau.edu/index.php?option=com_content&view=section&layout=blog&id=30&Itemid=49","Men's Rowing/Crew"
551,"Washington Adventist University","Maryland","http://www.wau.edu/index.php?option=com_content&view=section&layout=blog&id=30&Itemid=49","Men's Soccer"
551,"Washington Adventist University","Maryland","http://www.wau.edu/index.php?option=com_content&view=section&layout=blog&id=30&Itemid=49","Men's Swim & Dive"
551,"Washington Adventist University","Maryland","http://www.wau.edu/index.php?option=com_content&view=section&layout=blog&id=30&Itemid=49","Men's Tennis"
551,"Washington Adventist University","Maryland","http://www.wau.edu/index.php?option=com_content&view=section&layout=blog&id=30&Itemid=49","Men's Track & Field"
551,"Washington Adventist University","Maryland","http://www.wau.edu/index.php?option=com_content&view=section&layout=blog&id=30&Itemid=49","Men's Wrestling"
551,"Washington Adventist University","Maryland","http://www.wau.edu/index.php?option=com_content&view=section&layout=blog&id=30&Itemid=49","Women's Basketball"
551,"Washington Adventist University","Maryland","http://www.wau.edu/index.php?option=com_content&view=section&layout=blog&id=30&Itemid=49","Women's Cross Country"
551,"Washington Adventist University","Maryland","http://www.wau.edu/index.php?option=com_content&view=section&layout=blog&id=30&Itemid=49","Women's Field Hockey"
551,"Washington Adventist University","Maryland","http://www.wau.edu/index.php?option=com_content&view=section&layout=blog&id=30&Itemid=49","Women's Golf"
551,"Washington Adventist University","Maryland","http://www.wau.edu/index.php?option=com_content&view=section&layout=blog&id=30&Itemid=49","Women's Gymnastics"
551,"Washington Adventist University","Maryland","http://www.wau.edu/index.php?option=com_content&view=section&layout=blog&id=30&Itemid=49","Women's Lacrosse"
551,"Washington Adventist University","Maryland","http://www.wau.edu/index.php?option=com_content&view=section&layout=blog&id=30&Itemid=49","Women's Rowing/Crew"
551,"Washington Adventist University","Maryland","http://www.wau.edu/index.php?option=com_content&view=section&layout=blog&id=30&Itemid=49","Women's Soccer"
551,"Washington Adventist University","Maryland","http://www.wau.edu/index.php?option=com_content&view=section&layout=blog&id=30&Itemid=49","Women's Softball"
551,"Washington Adventist University","Maryland","http://www.wau.edu/index.php?option=com_content&view=section&layout=blog&id=30&Itemid=49","Women's Swim & Dive"
551,"Washington Adventist University","Maryland","http://www.wau.edu/index.php?option=com_content&view=section&layout=blog&id=30&Itemid=49","Women's Tennis"
551,"Washington Adventist University","Maryland","http://www.wau.edu/index.php?option=com_content&view=section&layout=blog&id=30&Itemid=49","Women's Track & Field"
551,"Washington Adventist University","Maryland","http://www.wau.edu/index.php?option=com_content&view=section&layout=blog&id=30&Itemid=49","Women's Volleyball"
579,"Maryville University","Missouri","http://maryville.edu/athletics.htm","Men's Baseball"
579,"Maryville University","Missouri","http://maryville.edu/athletics.htm","Men's Basketball"
579,"Maryville University","Missouri","http://maryville.edu/athletics.htm","Men's Cross Country"
579,"Maryville University","Missouri","http://maryville.edu/athletics.htm","Men's Football"
579,"Maryville University","Missouri","http://maryville.edu/athletics.htm","Men's Golf"
579,"Maryville University","Missouri","http://maryville.edu/athletics.htm","Men's Lacrosse"
579,"Maryville University","Missouri","http://maryville.edu/athletics.htm","Men's Rowing/Crew"
579,"Maryville University","Missouri","http://maryville.edu/athletics.htm","Men's Soccer"
579,"Maryville University","Missouri","http://maryville.edu/athletics.htm","Men's Swim & Dive"
579,"Maryville University","Missouri","http://maryville.edu/athletics.htm","Men's Tennis"
579,"Maryville University","Missouri","http://maryville.edu/athletics.htm","Men's Track & Field"
579,"Maryville University","Missouri","http://maryville.edu/athletics.htm","Men's Wrestling"
579,"Maryville University","Missouri","http://maryville.edu/athletics.htm","Women's Basketball"
579,"Maryville University","Missouri","http://maryville.edu/athletics.htm","Women's Cross Country"
579,"Maryville University","Missouri","http://maryville.edu/athletics.htm","Women's Field Hockey"
579,"Maryville University","Missouri","http://maryville.edu/athletics.htm","Women's Golf"
579,"Maryville University","Missouri","http://maryville.edu/athletics.htm","Women's Gymnastics"
579,"Maryville University","Missouri","http://maryville.edu/athletics.htm","Women's Lacrosse"
579,"Maryville University","Missouri","http://maryville.edu/athletics.htm","Women's Rowing/Crew"
579,"Maryville University","Missouri","http://maryville.edu/athletics.htm","Women's Soccer"
579,"Maryville University","Missouri","http://maryville.edu/athletics.htm","Women's Softball"
579,"Maryville University","Missouri","http://maryville.edu/athletics.htm","Women's Swim & Dive"
579,"Maryville University","Missouri","http://maryville.edu/athletics.htm","Women's Tennis"
579,"Maryville University","Missouri","http://maryville.edu/athletics.htm","Women's Track & Field"
579,"Maryville University","Missouri","http://maryville.edu/athletics.htm","Women's Volleyball"
620,"Belmont Abbey College","North Carolina","http://www.abbeyathletics.com/","Men's Baseball"
620,"Belmont Abbey College","North Carolina","http://www.abbeyathletics.com/","Men's Basketball"
620,"Belmont Abbey College","North Carolina","http://www.abbeyathletics.com/","Men's Cross Country"
620,"Belmont Abbey College","North Carolina","http://www.abbeyathletics.com/","Men's Football"
620,"Belmont Abbey College","North Carolina","http://www.abbeyathletics.com/","Men's Golf"
620,"Belmont Abbey College","North Carolina","http://www.abbeyathletics.com/","Men's Lacrosse"
620,"Belmont Abbey College","North Carolina","http://www.abbeyathletics.com/","Men's Rowing/Crew"
620,"Belmont Abbey College","North Carolina","http://www.abbeyathletics.com/","Men's Soccer"
620,"Belmont Abbey College","North Carolina","http://www.abbeyathletics.com/","Men's Swim & Dive"
620,"Belmont Abbey College","North Carolina","http://www.abbeyathletics.com/","Men's Tennis"
620,"Belmont Abbey College","North Carolina","http://www.abbeyathletics.com/","Men's Track & Field"
620,"Belmont Abbey College","North Carolina","http://www.abbeyathletics.com/","Men's Wrestling"
620,"Belmont Abbey College","North Carolina","http://www.abbeyathletics.com/","Women's Basketball"
620,"Belmont Abbey College","North Carolina","http://www.abbeyathletics.com/","Women's Cross Country"
620,"Belmont Abbey College","North Carolina","http://www.abbeyathletics.com/","Women's Field Hockey"
620,"Belmont Abbey College","North Carolina","http://www.abbeyathletics.com/","Women's Golf"
620,"Belmont Abbey College","North Carolina","http://www.abbeyathletics.com/","Women's Gymnastics"
620,"Belmont Abbey College","North Carolina","http://www.abbeyathletics.com/","Women's Lacrosse"
620,"Belmont Abbey College","North Carolina","http://www.abbeyathletics.com/","Women's Rowing/Crew"
620,"Belmont Abbey College","North Carolina","http://www.abbeyathletics.com/","Women's Soccer"
620,"Belmont Abbey College","North Carolina","http://www.abbeyathletics.com/","Women's Softball"
620,"Belmont Abbey College","North Carolina","http://www.abbeyathletics.com/","Women's Swim & Dive"
620,"Belmont Abbey College","North Carolina","http://www.abbeyathletics.com/","Women's Tennis"
620,"Belmont Abbey College","North Carolina","http://www.abbeyathletics.com/","Women's Track & Field"
620,"Belmont Abbey College","North Carolina","http://www.abbeyathletics.com/","Women's Volleyball"
506,"Rollins College","Florida","http://rollinssports.com/","Men's Baseball"
506,"Rollins College","Florida","http://rollinssports.com/","Men's Basketball"
506,"Rollins College","Florida","http://rollinssports.com/","Men's Cross Country"
506,"Rollins College","Florida","http://rollinssports.com/","Men's Football"
506,"Rollins College","Florida","http://rollinssports.com/","Men's Golf"
506,"Rollins College","Florida","http://rollinssports.com/","Men's Lacrosse"
506,"Rollins College","Florida","http://rollinssports.com/","Men's Rowing/Crew"
506,"Rollins College","Florida","http://rollinssports.com/","Men's Soccer"
506,"Rollins College","Florida","http://rollinssports.com/","Men's Swim & Dive"
506,"Rollins College","Florida","http://rollinssports.com/","Men's Tennis"
506,"Rollins College","Florida","http://rollinssports.com/","Men's Track & Field"
506,"Rollins College","Florida","http://rollinssports.com/","Men's Wrestling"
506,"Rollins College","Florida","http://rollinssports.com/","Women's Basketball"
506,"Rollins College","Florida","http://rollinssports.com/","Women's Cross Country"
506,"Rollins College","Florida","http://rollinssports.com/","Women's Field Hockey"
506,"Rollins College","Florida","http://rollinssports.com/","Women's Golf"
506,"Rollins College","Florida","http://rollinssports.com/","Women's Gymnastics"
506,"Rollins College","Florida","http://rollinssports.com/","Women's Lacrosse"
506,"Rollins College","Florida","http://rollinssports.com/","Women's Rowing/Crew"
506,"Rollins College","Florida","http://rollinssports.com/","Women's Soccer"
506,"Rollins College","Florida","http://rollinssports.com/","Women's Softball"
506,"Rollins College","Florida","http://rollinssports.com/","Women's Swim & Dive"
506,"Rollins College","Florida","http://rollinssports.com/","Women's Tennis"
506,"Rollins College","Florida","http://rollinssports.com/","Women's Track & Field"
506,"Rollins College","Florida","http://rollinssports.com/","Women's Volleyball"
610,"Le Moyne College","New York","http://www.lemoynedolphins.com/","Men's Baseball"
610,"Le Moyne College","New York","http://www.lemoynedolphins.com/","Men's Basketball"
610,"Le Moyne College","New York","http://www.lemoynedolphins.com/","Men's Cross Country"
610,"Le Moyne College","New York","http://www.lemoynedolphins.com/","Men's Football"
610,"Le Moyne College","New York","http://www.lemoynedolphins.com/","Men's Golf"
610,"Le Moyne College","New York","http://www.lemoynedolphins.com/","Men's Lacrosse"
610,"Le Moyne College","New York","http://www.lemoynedolphins.com/","Men's Rowing/Crew"
610,"Le Moyne College","New York","http://www.lemoynedolphins.com/","Men's Soccer"
610,"Le Moyne College","New York","http://www.lemoynedolphins.com/","Men's Swim & Dive"
610,"Le Moyne College","New York","http://www.lemoynedolphins.com/","Men's Tennis"
610,"Le Moyne College","New York","http://www.lemoynedolphins.com/","Men's Track & Field"
610,"Le Moyne College","New York","http://www.lemoynedolphins.com/","Men's Wrestling"
610,"Le Moyne College","New York","http://www.lemoynedolphins.com/","Women's Basketball"
610,"Le Moyne College","New York","http://www.lemoynedolphins.com/","Women's Cross Country"
610,"Le Moyne College","New York","http://www.lemoynedolphins.com/","Women's Field Hockey"
610,"Le Moyne College","New York","http://www.lemoynedolphins.com/","Women's Golf"
610,"Le Moyne College","New York","http://www.lemoynedolphins.com/","Women's Gymnastics"
610,"Le Moyne College","New York","http://www.lemoynedolphins.com/","Women's Lacrosse"
610,"Le Moyne College","New York","http://www.lemoynedolphins.com/","Women's Rowing/Crew"
610,"Le Moyne College","New York","http://www.lemoynedolphins.com/","Women's Soccer"
610,"Le Moyne College","New York","http://www.lemoynedolphins.com/","Women's Softball"
610,"Le Moyne College","New York","http://www.lemoynedolphins.com/","Women's Swim & Dive"
610,"Le Moyne College","New York","http://www.lemoynedolphins.com/","Women's Tennis"
610,"Le Moyne College","New York","http://www.lemoynedolphins.com/","Women's Track & Field"
610,"Le Moyne College","New York","http://www.lemoynedolphins.com/","Women's Volleyball"
494,"Southern Connecticut State University","Connecticut","http://www.southernctowls.com/","Men's Baseball"
494,"Southern Connecticut State University","Connecticut","http://www.southernctowls.com/","Men's Basketball"
494,"Southern Connecticut State University","Connecticut","http://www.southernctowls.com/","Men's Cross Country"
494,"Southern Connecticut State University","Connecticut","http://www.southernctowls.com/","Men's Football"
494,"Southern Connecticut State University","Connecticut","http://www.southernctowls.com/","Men's Golf"
494,"Southern Connecticut State University","Connecticut","http://www.southernctowls.com/","Men's Lacrosse"
494,"Southern Connecticut State University","Connecticut","http://www.southernctowls.com/","Men's Rowing/Crew"
494,"Southern Connecticut State University","Connecticut","http://www.southernctowls.com/","Men's Soccer"
494,"Southern Connecticut State University","Connecticut","http://www.southernctowls.com/","Men's Swim & Dive"
494,"Southern Connecticut State University","Connecticut","http://www.southernctowls.com/","Men's Tennis"
494,"Southern Connecticut State University","Connecticut","http://www.southernctowls.com/","Men's Track & Field"
494,"Southern Connecticut State University","Connecticut","http://www.southernctowls.com/","Men's Wrestling"
494,"Southern Connecticut State University","Connecticut","http://www.southernctowls.com/","Women's Basketball"
494,"Southern Connecticut State University","Connecticut","http://www.southernctowls.com/","Women's Cross Country"
494,"Southern Connecticut State University","Connecticut","http://www.southernctowls.com/","Women's Field Hockey"
494,"Southern Connecticut State University","Connecticut","http://www.southernctowls.com/","Women's Golf"
494,"Southern Connecticut State University","Connecticut","http://www.southernctowls.com/","Women's Gymnastics"
494,"Southern Connecticut State University","Connecticut","http://www.southernctowls.com/","Women's Lacrosse"
494,"Southern Connecticut State University","Connecticut","http://www.southernctowls.com/","Women's Rowing/Crew"
494,"Southern Connecticut State University","Connecticut","http://www.southernctowls.com/","Women's Soccer"
494,"Southern Connecticut State University","Connecticut","http://www.southernctowls.com/","Women's Softball"
494,"Southern Connecticut State University","Connecticut","http://www.southernctowls.com/","Women's Swim & Dive"
494,"Southern Connecticut State University","Connecticut","http://www.southernctowls.com/","Women's Tennis"
494,"Southern Connecticut State University","Connecticut","http://www.southernctowls.com/","Women's Track & Field"
494,"Southern Connecticut State University","Connecticut","http://www.southernctowls.com/","Women's Volleyball"
488,"Regis University","Colorado","http://www.regisrangers.com/","Men's Baseball"
488,"Regis University","Colorado","http://www.regisrangers.com/","Men's Basketball"
488,"Regis University","Colorado","http://www.regisrangers.com/","Men's Cross Country"
488,"Regis University","Colorado","http://www.regisrangers.com/","Men's Football"
488,"Regis University","Colorado","http://www.regisrangers.com/","Men's Golf"
488,"Regis University","Colorado","http://www.regisrangers.com/","Men's Lacrosse"
488,"Regis University","Colorado","http://www.regisrangers.com/","Men's Rowing/Crew"
488,"Regis University","Colorado","http://www.regisrangers.com/","Men's Soccer"
488,"Regis University","Colorado","http://www.regisrangers.com/","Men's Swim & Dive"
488,"Regis University","Colorado","http://www.regisrangers.com/","Men's Tennis"
488,"Regis University","Colorado","http://www.regisrangers.com/","Men's Track & Field"
488,"Regis University","Colorado","http://www.regisrangers.com/","Men's Wrestling"
488,"Regis University","Colorado","http://www.regisrangers.com/","Women's Basketball"
488,"Regis University","Colorado","http://www.regisrangers.com/","Women's Cross Country"
488,"Regis University","Colorado","http://www.regisrangers.com/","Women's Field Hockey"
488,"Regis University","Colorado","http://www.regisrangers.com/","Women's Golf"
488,"Regis University","Colorado","http://www.regisrangers.com/","Women's Gymnastics"
488,"Regis University","Colorado","http://www.regisrangers.com/","Women's Lacrosse"
488,"Regis University","Colorado","http://www.regisrangers.com/","Women's Rowing/Crew"
488,"Regis University","Colorado","http://www.regisrangers.com/","Women's Soccer"
488,"Regis University","Colorado","http://www.regisrangers.com/","Women's Softball"
488,"Regis University","Colorado","http://www.regisrangers.com/","Women's Swim & Dive"
488,"Regis University","Colorado","http://www.regisrangers.com/","Women's Tennis"
488,"Regis University","Colorado","http://www.regisrangers.com/","Women's Track & Field"
488,"Regis University","Colorado","http://www.regisrangers.com/","Women's Volleyball"
666,"Cheyney University of Pennsylvania","Pennsylvania","http://www.cheyneywolves.com/","Men's Baseball"
666,"Cheyney University of Pennsylvania","Pennsylvania","http://www.cheyneywolves.com/","Men's Basketball"
666,"Cheyney University of Pennsylvania","Pennsylvania","http://www.cheyneywolves.com/","Men's Cross Country"
666,"Cheyney University of Pennsylvania","Pennsylvania","http://www.cheyneywolves.com/","Men's Football"
666,"Cheyney University of Pennsylvania","Pennsylvania","http://www.cheyneywolves.com/","Men's Golf"
666,"Cheyney University of Pennsylvania","Pennsylvania","http://www.cheyneywolves.com/","Men's Lacrosse"
666,"Cheyney University of Pennsylvania","Pennsylvania","http://www.cheyneywolves.com/","Men's Rowing/Crew"
666,"Cheyney University of Pennsylvania","Pennsylvania","http://www.cheyneywolves.com/","Men's Soccer"
666,"Cheyney University of Pennsylvania","Pennsylvania","http://www.cheyneywolves.com/","Men's Swim & Dive"
666,"Cheyney University of Pennsylvania","Pennsylvania","http://www.cheyneywolves.com/","Men's Tennis"
666,"Cheyney University of Pennsylvania","Pennsylvania","http://www.cheyneywolves.com/","Men's Track & Field"
666,"Cheyney University of Pennsylvania","Pennsylvania","http://www.cheyneywolves.com/","Men's Wrestling"
666,"Cheyney University of Pennsylvania","Pennsylvania","http://www.cheyneywolves.com/","Women's Basketball"
666,"Cheyney University of Pennsylvania","Pennsylvania","http://www.cheyneywolves.com/","Women's Cross Country"
666,"Cheyney University of Pennsylvania","Pennsylvania","http://www.cheyneywolves.com/","Women's Field Hockey"
666,"Cheyney University of Pennsylvania","Pennsylvania","http://www.cheyneywolves.com/","Women's Golf"
666,"Cheyney University of Pennsylvania","Pennsylvania","http://www.cheyneywolves.com/","Women's Gymnastics"
666,"Cheyney University of Pennsylvania","Pennsylvania","http://www.cheyneywolves.com/","Women's Lacrosse"
666,"Cheyney University of Pennsylvania","Pennsylvania","http://www.cheyneywolves.com/","Women's Rowing/Crew"
666,"Cheyney University of Pennsylvania","Pennsylvania","http://www.cheyneywolves.com/","Women's Soccer"
666,"Cheyney University of Pennsylvania","Pennsylvania","http://www.cheyneywolves.com/","Women's Softball"
666,"Cheyney University of Pennsylvania","Pennsylvania","http://www.cheyneywolves.com/","Women's Swim & Dive"
666,"Cheyney University of Pennsylvania","Pennsylvania","http://www.cheyneywolves.com/","Women's Tennis"
666,"Cheyney University of Pennsylvania","Pennsylvania","http://www.cheyneywolves.com/","Women's Track & Field"
666,"Cheyney University of Pennsylvania","Pennsylvania","http://www.cheyneywolves.com/","Women's Volleyball"
737,"Concord University","West Virginia","http://www.cumountainlions.com/","Men's Baseball"
737,"Concord University","West Virginia","http://www.cumountainlions.com/","Men's Basketball"
737,"Concord University","West Virginia","http://www.cumountainlions.com/","Men's Cross Country"
737,"Concord University","West Virginia","http://www.cumountainlions.com/","Men's Football"
737,"Concord University","West Virginia","http://www.cumountainlions.com/","Men's Golf"
737,"Concord University","West Virginia","http://www.cumountainlions.com/","Men's Lacrosse"
737,"Concord University","West Virginia","http://www.cumountainlions.com/","Men's Rowing/Crew"
737,"Concord University","West Virginia","http://www.cumountainlions.com/","Men's Soccer"
737,"Concord University","West Virginia","http://www.cumountainlions.com/","Men's Swim & Dive"
737,"Concord University","West Virginia","http://www.cumountainlions.com/","Men's Tennis"
737,"Concord University","West Virginia","http://www.cumountainlions.com/","Men's Track & Field"
737,"Concord University","West Virginia","http://www.cumountainlions.com/","Men's Wrestling"
737,"Concord University","West Virginia","http://www.cumountainlions.com/","Women's Basketball"
737,"Concord University","West Virginia","http://www.cumountainlions.com/","Women's Cross Country"
737,"Concord University","West Virginia","http://www.cumountainlions.com/","Women's Field Hockey"
737,"Concord University","West Virginia","http://www.cumountainlions.com/","Women's Golf"
737,"Concord University","West Virginia","http://www.cumountainlions.com/","Women's Gymnastics"
737,"Concord University","West Virginia","http://www.cumountainlions.com/","Women's Lacrosse"
737,"Concord University","West Virginia","http://www.cumountainlions.com/","Women's Rowing/Crew"
737,"Concord University","West Virginia","http://www.cumountainlions.com/","Women's Soccer"
737,"Concord University","West Virginia","http://www.cumountainlions.com/","Women's Softball"
737,"Concord University","West Virginia","http://www.cumountainlions.com/","Women's Swim & Dive"
737,"Concord University","West Virginia","http://www.cumountainlions.com/","Women's Tennis"
737,"Concord University","West Virginia","http://www.cumountainlions.com/","Women's Track & Field"
737,"Concord University","West Virginia","http://www.cumountainlions.com/","Women's Volleyball"
523,"Valdosta State University","Georgia","http://www.vstateblazers.com/","Men's Baseball"
523,"Valdosta State University","Georgia","http://www.vstateblazers.com/","Men's Basketball"
523,"Valdosta State University","Georgia","http://www.vstateblazers.com/","Men's Cross Country"
523,"Valdosta State University","Georgia","http://www.vstateblazers.com/","Men's Football"
523,"Valdosta State University","Georgia","http://www.vstateblazers.com/","Men's Golf"
523,"Valdosta State University","Georgia","http://www.vstateblazers.com/","Men's Lacrosse"
523,"Valdosta State University","Georgia","http://www.vstateblazers.com/","Men's Rowing/Crew"
523,"Valdosta State University","Georgia","http://www.vstateblazers.com/","Men's Soccer"
523,"Valdosta State University","Georgia","http://www.vstateblazers.com/","Men's Swim & Dive"
523,"Valdosta State University","Georgia","http://www.vstateblazers.com/","Men's Tennis"
523,"Valdosta State University","Georgia","http://www.vstateblazers.com/","Men's Track & Field"
523,"Valdosta State University","Georgia","http://www.vstateblazers.com/","Men's Wrestling"
523,"Valdosta State University","Georgia","http://www.vstateblazers.com/","Women's Basketball"
523,"Valdosta State University","Georgia","http://www.vstateblazers.com/","Women's Cross Country"
523,"Valdosta State University","Georgia","http://www.vstateblazers.com/","Women's Field Hockey"
523,"Valdosta State University","Georgia","http://www.vstateblazers.com/","Women's Golf"
523,"Valdosta State University","Georgia","http://www.vstateblazers.com/","Women's Gymnastics"
523,"Valdosta State University","Georgia","http://www.vstateblazers.com/","Women's Lacrosse"
523,"Valdosta State University","Georgia","http://www.vstateblazers.com/","Women's Rowing/Crew"
523,"Valdosta State University","Georgia","http://www.vstateblazers.com/","Women's Soccer"
523,"Valdosta State University","Georgia","http://www.vstateblazers.com/","Women's Softball"
523,"Valdosta State University","Georgia","http://www.vstateblazers.com/","Women's Swim & Dive"
523,"Valdosta State University","Georgia","http://www.vstateblazers.com/","Women's Tennis"
523,"Valdosta State University","Georgia","http://www.vstateblazers.com/","Women's Track & Field"
523,"Valdosta State University","Georgia","http://www.vstateblazers.com/","Women's Volleyball"
485,"Fort Lewis College","Colorado","http://www.goskyhawks.com/","Men's Baseball"
485,"Fort Lewis College","Colorado","http://www.goskyhawks.com/","Men's Basketball"
485,"Fort Lewis College","Colorado","http://www.goskyhawks.com/","Men's Cross Country"
485,"Fort Lewis College","Colorado","http://www.goskyhawks.com/","Men's Football"
485,"Fort Lewis College","Colorado","http://www.goskyhawks.com/","Men's Golf"
485,"Fort Lewis College","Colorado","http://www.goskyhawks.com/","Men's Lacrosse"
485,"Fort Lewis College","Colorado","http://www.goskyhawks.com/","Men's Rowing/Crew"
485,"Fort Lewis College","Colorado","http://www.goskyhawks.com/","Men's Soccer"
485,"Fort Lewis College","Colorado","http://www.goskyhawks.com/","Men's Swim & Dive"
485,"Fort Lewis College","Colorado","http://www.goskyhawks.com/","Men's Tennis"
485,"Fort Lewis College","Colorado","http://www.goskyhawks.com/","Men's Track & Field"
485,"Fort Lewis College","Colorado","http://www.goskyhawks.com/","Men's Wrestling"
485,"Fort Lewis College","Colorado","http://www.goskyhawks.com/","Women's Basketball"
485,"Fort Lewis College","Colorado","http://www.goskyhawks.com/","Women's Cross Country"
485,"Fort Lewis College","Colorado","http://www.goskyhawks.com/","Women's Field Hockey"
485,"Fort Lewis College","Colorado","http://www.goskyhawks.com/","Women's Golf"
485,"Fort Lewis College","Colorado","http://www.goskyhawks.com/","Women's Gymnastics"
485,"Fort Lewis College","Colorado","http://www.goskyhawks.com/","Women's Lacrosse"
485,"Fort Lewis College","Colorado","http://www.goskyhawks.com/","Women's Rowing/Crew"
485,"Fort Lewis College","Colorado","http://www.goskyhawks.com/","Women's Soccer"
485,"Fort Lewis College","Colorado","http://www.goskyhawks.com/","Women's Softball"
485,"Fort Lewis College","Colorado","http://www.goskyhawks.com/","Women's Swim & Dive"
485,"Fort Lewis College","Colorado","http://www.goskyhawks.com/","Women's Tennis"
485,"Fort Lewis College","Colorado","http://www.goskyhawks.com/","Women's Track & Field"
485,"Fort Lewis College","Colorado","http://www.goskyhawks.com/","Women's Volleyball"
537,"Saint Joseph's College","Indiana","http://www.saintjoe.edu/athletics/","Men's Baseball"
537,"Saint Joseph's College","Indiana","http://www.saintjoe.edu/athletics/","Men's Basketball"
537,"Saint Joseph's College","Indiana","http://www.saintjoe.edu/athletics/","Men's Cross Country"
537,"Saint Joseph's College","Indiana","http://www.saintjoe.edu/athletics/","Men's Football"
537,"Saint Joseph's College","Indiana","http://www.saintjoe.edu/athletics/","Men's Golf"
537,"Saint Joseph's College","Indiana","http://www.saintjoe.edu/athletics/","Men's Lacrosse"
537,"Saint Joseph's College","Indiana","http://www.saintjoe.edu/athletics/","Men's Rowing/Crew"
537,"Saint Joseph's College","Indiana","http://www.saintjoe.edu/athletics/","Men's Soccer"
537,"Saint Joseph's College","Indiana","http://www.saintjoe.edu/athletics/","Men's Swim & Dive"
537,"Saint Joseph's College","Indiana","http://www.saintjoe.edu/athletics/","Men's Tennis"
537,"Saint Joseph's College","Indiana","http://www.saintjoe.edu/athletics/","Men's Track & Field"
537,"Saint Joseph's College","Indiana","http://www.saintjoe.edu/athletics/","Men's Wrestling"
537,"Saint Joseph's College","Indiana","http://www.saintjoe.edu/athletics/","Women's Basketball"
537,"Saint Joseph's College","Indiana","http://www.saintjoe.edu/athletics/","Women's Cross Country"
537,"Saint Joseph's College","Indiana","http://www.saintjoe.edu/athletics/","Women's Field Hockey"
537,"Saint Joseph's College","Indiana","http://www.saintjoe.edu/athletics/","Women's Golf"
537,"Saint Joseph's College","Indiana","http://www.saintjoe.edu/athletics/","Women's Gymnastics"
537,"Saint Joseph's College","Indiana","http://www.saintjoe.edu/athletics/","Women's Lacrosse"
537,"Saint Joseph's College","Indiana","http://www.saintjoe.edu/athletics/","Women's Rowing/Crew"
537,"Saint Joseph's College","Indiana","http://www.saintjoe.edu/athletics/","Women's Soccer"
537,"Saint Joseph's College","Indiana","http://www.saintjoe.edu/athletics/","Women's Softball"
537,"Saint Joseph's College","Indiana","http://www.saintjoe.edu/athletics/","Women's Swim & Dive"
537,"Saint Joseph's College","Indiana","http://www.saintjoe.edu/athletics/","Women's Tennis"
537,"Saint Joseph's College","Indiana","http://www.saintjoe.edu/athletics/","Women's Track & Field"
537,"Saint Joseph's College","Indiana","http://www.saintjoe.edu/athletics/","Women's Volleyball"
639,"Winston-Salem State University","North Carolina","http://www.wssurams.com/","Men's Baseball"
639,"Winston-Salem State University","North Carolina","http://www.wssurams.com/","Men's Basketball"
639,"Winston-Salem State University","North Carolina","http://www.wssurams.com/","Men's Cross Country"
639,"Winston-Salem State University","North Carolina","http://www.wssurams.com/","Men's Football"
639,"Winston-Salem State University","North Carolina","http://www.wssurams.com/","Men's Golf"
639,"Winston-Salem State University","North Carolina","http://www.wssurams.com/","Men's Lacrosse"
639,"Winston-Salem State University","North Carolina","http://www.wssurams.com/","Men's Rowing/Crew"
639,"Winston-Salem State University","North Carolina","http://www.wssurams.com/","Men's Soccer"
639,"Winston-Salem State University","North Carolina","http://www.wssurams.com/","Men's Swim & Dive"
639,"Winston-Salem State University","North Carolina","http://www.wssurams.com/","Men's Tennis"
639,"Winston-Salem State University","North Carolina","http://www.wssurams.com/","Men's Track & Field"
639,"Winston-Salem State University","North Carolina","http://www.wssurams.com/","Men's Wrestling"
639,"Winston-Salem State University","North Carolina","http://www.wssurams.com/","Women's Basketball"
639,"Winston-Salem State University","North Carolina","http://www.wssurams.com/","Women's Cross Country"
639,"Winston-Salem State University","North Carolina","http://www.wssurams.com/","Women's Field Hockey"
639,"Winston-Salem State University","North Carolina","http://www.wssurams.com/","Women's Golf"
639,"Winston-Salem State University","North Carolina","http://www.wssurams.com/","Women's Gymnastics"
639,"Winston-Salem State University","North Carolina","http://www.wssurams.com/","Women's Lacrosse"
639,"Winston-Salem State University","North Carolina","http://www.wssurams.com/","Women's Rowing/Crew"
639,"Winston-Salem State University","North Carolina","http://www.wssurams.com/","Women's Soccer"
639,"Winston-Salem State University","North Carolina","http://www.wssurams.com/","Women's Softball"
639,"Winston-Salem State University","North Carolina","http://www.wssurams.com/","Women's Swim & Dive"
639,"Winston-Salem State University","North Carolina","http://www.wssurams.com/","Women's Tennis"
639,"Winston-Salem State University","North Carolina","http://www.wssurams.com/","Women's Track & Field"
639,"Winston-Salem State University","North Carolina","http://www.wssurams.com/","Women's Volleyball"
675,"Lock Haven University of Pennsylvania","Pennsylvania","http://www.lhup.edu/sports/","Men's Baseball"
675,"Lock Haven University of Pennsylvania","Pennsylvania","http://www.lhup.edu/sports/","Men's Basketball"
675,"Lock Haven University of Pennsylvania","Pennsylvania","http://www.lhup.edu/sports/","Men's Cross Country"
675,"Lock Haven University of Pennsylvania","Pennsylvania","http://www.lhup.edu/sports/","Men's Football"
675,"Lock Haven University of Pennsylvania","Pennsylvania","http://www.lhup.edu/sports/","Men's Golf"
675,"Lock Haven University of Pennsylvania","Pennsylvania","http://www.lhup.edu/sports/","Men's Lacrosse"
675,"Lock Haven University of Pennsylvania","Pennsylvania","http://www.lhup.edu/sports/","Men's Rowing/Crew"
675,"Lock Haven University of Pennsylvania","Pennsylvania","http://www.lhup.edu/sports/","Men's Soccer"
675,"Lock Haven University of Pennsylvania","Pennsylvania","http://www.lhup.edu/sports/","Men's Swim & Dive"
675,"Lock Haven University of Pennsylvania","Pennsylvania","http://www.lhup.edu/sports/","Men's Tennis"
675,"Lock Haven University of Pennsylvania","Pennsylvania","http://www.lhup.edu/sports/","Men's Track & Field"
675,"Lock Haven University of Pennsylvania","Pennsylvania","http://www.lhup.edu/sports/","Men's Wrestling"
675,"Lock Haven University of Pennsylvania","Pennsylvania","http://www.lhup.edu/sports/","Women's Basketball"
675,"Lock Haven University of Pennsylvania","Pennsylvania","http://www.lhup.edu/sports/","Women's Cross Country"
675,"Lock Haven University of Pennsylvania","Pennsylvania","http://www.lhup.edu/sports/","Women's Field Hockey"
675,"Lock Haven University of Pennsylvania","Pennsylvania","http://www.lhup.edu/sports/","Women's Golf"
675,"Lock Haven University of Pennsylvania","Pennsylvania","http://www.lhup.edu/sports/","Women's Gymnastics"
675,"Lock Haven University of Pennsylvania","Pennsylvania","http://www.lhup.edu/sports/","Women's Lacrosse"
675,"Lock Haven University of Pennsylvania","Pennsylvania","http://www.lhup.edu/sports/","Women's Rowing/Crew"
675,"Lock Haven University of Pennsylvania","Pennsylvania","http://www.lhup.edu/sports/","Women's Soccer"
675,"Lock Haven University of Pennsylvania","Pennsylvania","http://www.lhup.edu/sports/","Women's Softball"
675,"Lock Haven University of Pennsylvania","Pennsylvania","http://www.lhup.edu/sports/","Women's Swim & Dive"
675,"Lock Haven University of Pennsylvania","Pennsylvania","http://www.lhup.edu/sports/","Women's Tennis"
675,"Lock Haven University of Pennsylvania","Pennsylvania","http://www.lhup.edu/sports/","Women's Track & Field"
675,"Lock Haven University of Pennsylvania","Pennsylvania","http://www.lhup.edu/sports/","Women's Volleyball"
559,"Hillsdale College","Michigan","http://www.hillsdale.edu/chargers/","Men's Baseball"
559,"Hillsdale College","Michigan","http://www.hillsdale.edu/chargers/","Men's Basketball"
559,"Hillsdale College","Michigan","http://www.hillsdale.edu/chargers/","Men's Cross Country"
559,"Hillsdale College","Michigan","http://www.hillsdale.edu/chargers/","Men's Football"
559,"Hillsdale College","Michigan","http://www.hillsdale.edu/chargers/","Men's Golf"
559,"Hillsdale College","Michigan","http://www.hillsdale.edu/chargers/","Men's Lacrosse"
559,"Hillsdale College","Michigan","http://www.hillsdale.edu/chargers/","Men's Rowing/Crew"
559,"Hillsdale College","Michigan","http://www.hillsdale.edu/chargers/","Men's Soccer"
559,"Hillsdale College","Michigan","http://www.hillsdale.edu/chargers/","Men's Swim & Dive"
559,"Hillsdale College","Michigan","http://www.hillsdale.edu/chargers/","Men's Tennis"
559,"Hillsdale College","Michigan","http://www.hillsdale.edu/chargers/","Men's Track & Field"
559,"Hillsdale College","Michigan","http://www.hillsdale.edu/chargers/","Men's Wrestling"
559,"Hillsdale College","Michigan","http://www.hillsdale.edu/chargers/","Women's Basketball"
559,"Hillsdale College","Michigan","http://www.hillsdale.edu/chargers/","Women's Cross Country"
559,"Hillsdale College","Michigan","http://www.hillsdale.edu/chargers/","Women's Field Hockey"
559,"Hillsdale College","Michigan","http://www.hillsdale.edu/chargers/","Women's Golf"
559,"Hillsdale College","Michigan","http://www.hillsdale.edu/chargers/","Women's Gymnastics"
559,"Hillsdale College","Michigan","http://www.hillsdale.edu/chargers/","Women's Lacrosse"
559,"Hillsdale College","Michigan","http://www.hillsdale.edu/chargers/","Women's Rowing/Crew"
559,"Hillsdale College","Michigan","http://www.hillsdale.edu/chargers/","Women's Soccer"
559,"Hillsdale College","Michigan","http://www.hillsdale.edu/chargers/","Women's Softball"
559,"Hillsdale College","Michigan","http://www.hillsdale.edu/chargers/","Women's Swim & Dive"
559,"Hillsdale College","Michigan","http://www.hillsdale.edu/chargers/","Women's Tennis"
559,"Hillsdale College","Michigan","http://www.hillsdale.edu/chargers/","Women's Track & Field"
559,"Hillsdale College","Michigan","http://www.hillsdale.edu/chargers/","Women's Volleyball"
562,"Northern Michigan University","Michigan","http://www.nmu.edu/athletics","Men's Baseball"
562,"Northern Michigan University","Michigan","http://www.nmu.edu/athletics","Men's Basketball"
562,"Northern Michigan University","Michigan","http://www.nmu.edu/athletics","Men's Cross Country"
562,"Northern Michigan University","Michigan","http://www.nmu.edu/athletics","Men's Football"
562,"Northern Michigan University","Michigan","http://www.nmu.edu/athletics","Men's Golf"
562,"Northern Michigan University","Michigan","http://www.nmu.edu/athletics","Men's Lacrosse"
562,"Northern Michigan University","Michigan","http://www.nmu.edu/athletics","Men's Rowing/Crew"
562,"Northern Michigan University","Michigan","http://www.nmu.edu/athletics","Men's Soccer"
562,"Northern Michigan University","Michigan","http://www.nmu.edu/athletics","Men's Swim & Dive"
562,"Northern Michigan University","Michigan","http://www.nmu.edu/athletics","Men's Tennis"
562,"Northern Michigan University","Michigan","http://www.nmu.edu/athletics","Men's Track & Field"
562,"Northern Michigan University","Michigan","http://www.nmu.edu/athletics","Men's Wrestling"
562,"Northern Michigan University","Michigan","http://www.nmu.edu/athletics","Women's Basketball"
562,"Northern Michigan University","Michigan","http://www.nmu.edu/athletics","Women's Cross Country"
562,"Northern Michigan University","Michigan","http://www.nmu.edu/athletics","Women's Field Hockey"
562,"Northern Michigan University","Michigan","http://www.nmu.edu/athletics","Women's Golf"
562,"Northern Michigan University","Michigan","http://www.nmu.edu/athletics","Women's Gymnastics"
562,"Northern Michigan University","Michigan","http://www.nmu.edu/athletics","Women's Lacrosse"
562,"Northern Michigan University","Michigan","http://www.nmu.edu/athletics","Women's Rowing/Crew"
562,"Northern Michigan University","Michigan","http://www.nmu.edu/athletics","Women's Soccer"
562,"Northern Michigan University","Michigan","http://www.nmu.edu/athletics","Women's Softball"
562,"Northern Michigan University","Michigan","http://www.nmu.edu/athletics","Women's Swim & Dive"
562,"Northern Michigan University","Michigan","http://www.nmu.edu/athletics","Women's Tennis"
562,"Northern Michigan University","Michigan","http://www.nmu.edu/athletics","Women's Track & Field"
562,"Northern Michigan University","Michigan","http://www.nmu.edu/athletics","Women's Volleyball"
601,"Eastern New Mexico University","New Mexico","http://www.goeasternathletics.com/","Men's Baseball"
601,"Eastern New Mexico University","New Mexico","http://www.goeasternathletics.com/","Men's Basketball"
601,"Eastern New Mexico University","New Mexico","http://www.goeasternathletics.com/","Men's Cross Country"
601,"Eastern New Mexico University","New Mexico","http://www.goeasternathletics.com/","Men's Football"
601,"Eastern New Mexico University","New Mexico","http://www.goeasternathletics.com/","Men's Golf"
601,"Eastern New Mexico University","New Mexico","http://www.goeasternathletics.com/","Men's Lacrosse"
601,"Eastern New Mexico University","New Mexico","http://www.goeasternathletics.com/","Men's Rowing/Crew"
601,"Eastern New Mexico University","New Mexico","http://www.goeasternathletics.com/","Men's Soccer"
601,"Eastern New Mexico University","New Mexico","http://www.goeasternathletics.com/","Men's Swim & Dive"
601,"Eastern New Mexico University","New Mexico","http://www.goeasternathletics.com/","Men's Tennis"
601,"Eastern New Mexico University","New Mexico","http://www.goeasternathletics.com/","Men's Track & Field"
601,"Eastern New Mexico University","New Mexico","http://www.goeasternathletics.com/","Men's Wrestling"
601,"Eastern New Mexico University","New Mexico","http://www.goeasternathletics.com/","Women's Basketball"
601,"Eastern New Mexico University","New Mexico","http://www.goeasternathletics.com/","Women's Cross Country"
601,"Eastern New Mexico University","New Mexico","http://www.goeasternathletics.com/","Women's Field Hockey"
601,"Eastern New Mexico University","New Mexico","http://www.goeasternathletics.com/","Women's Golf"
601,"Eastern New Mexico University","New Mexico","http://www.goeasternathletics.com/","Women's Gymnastics"
601,"Eastern New Mexico University","New Mexico","http://www.goeasternathletics.com/","Women's Lacrosse"
601,"Eastern New Mexico University","New Mexico","http://www.goeasternathletics.com/","Women's Rowing/Crew"
601,"Eastern New Mexico University","New Mexico","http://www.goeasternathletics.com/","Women's Soccer"
601,"Eastern New Mexico University","New Mexico","http://www.goeasternathletics.com/","Women's Softball"
601,"Eastern New Mexico University","New Mexico","http://www.goeasternathletics.com/","Women's Swim & Dive"
601,"Eastern New Mexico University","New Mexico","http://www.goeasternathletics.com/","Women's Tennis"
601,"Eastern New Mexico University","New Mexico","http://www.goeasternathletics.com/","Women's Track & Field"
601,"Eastern New Mexico University","New Mexico","http://www.goeasternathletics.com/","Women's Volleyball"
481,"Adams State College","Colorado","http://ascgrizzlies.com/","Men's Baseball"
481,"Adams State College","Colorado","http://ascgrizzlies.com/","Men's Basketball"
481,"Adams State College","Colorado","http://ascgrizzlies.com/","Men's Cross Country"
481,"Adams State College","Colorado","http://ascgrizzlies.com/","Men's Football"
481,"Adams State College","Colorado","http://ascgrizzlies.com/","Men's Golf"
481,"Adams State College","Colorado","http://ascgrizzlies.com/","Men's Lacrosse"
481,"Adams State College","Colorado","http://ascgrizzlies.com/","Men's Rowing/Crew"
481,"Adams State College","Colorado","http://ascgrizzlies.com/","Men's Soccer"
481,"Adams State College","Colorado","http://ascgrizzlies.com/","Men's Swim & Dive"
481,"Adams State College","Colorado","http://ascgrizzlies.com/","Men's Tennis"
481,"Adams State College","Colorado","http://ascgrizzlies.com/","Men's Track & Field"
481,"Adams State College","Colorado","http://ascgrizzlies.com/","Men's Wrestling"
481,"Adams State College","Colorado","http://ascgrizzlies.com/","Women's Basketball"
481,"Adams State College","Colorado","http://ascgrizzlies.com/","Women's Cross Country"
481,"Adams State College","Colorado","http://ascgrizzlies.com/","Women's Field Hockey"
481,"Adams State College","Colorado","http://ascgrizzlies.com/","Women's Golf"
481,"Adams State College","Colorado","http://ascgrizzlies.com/","Women's Gymnastics"
481,"Adams State College","Colorado","http://ascgrizzlies.com/","Women's Lacrosse"
481,"Adams State College","Colorado","http://ascgrizzlies.com/","Women's Rowing/Crew"
481,"Adams State College","Colorado","http://ascgrizzlies.com/","Women's Soccer"
481,"Adams State College","Colorado","http://ascgrizzlies.com/","Women's Softball"
481,"Adams State College","Colorado","http://ascgrizzlies.com/","Women's Swim & Dive"
481,"Adams State College","Colorado","http://ascgrizzlies.com/","Women's Tennis"
481,"Adams State College","Colorado","http://ascgrizzlies.com/","Women's Track & Field"
481,"Adams State College","Colorado","http://ascgrizzlies.com/","Women's Volleyball"
653,"Walsh University","Ohio","http://www.walsh.edu/athletics","Men's Baseball"
653,"Walsh University","Ohio","http://www.walsh.edu/athletics","Men's Basketball"
653,"Walsh University","Ohio","http://www.walsh.edu/athletics","Men's Cross Country"
653,"Walsh University","Ohio","http://www.walsh.edu/athletics","Men's Football"
653,"Walsh University","Ohio","http://www.walsh.edu/athletics","Men's Golf"
653,"Walsh University","Ohio","http://www.walsh.edu/athletics","Men's Lacrosse"
653,"Walsh University","Ohio","http://www.walsh.edu/athletics","Men's Rowing/Crew"
653,"Walsh University","Ohio","http://www.walsh.edu/athletics","Men's Soccer"
653,"Walsh University","Ohio","http://www.walsh.edu/athletics","Men's Swim & Dive"
653,"Walsh University","Ohio","http://www.walsh.edu/athletics","Men's Tennis"
653,"Walsh University","Ohio","http://www.walsh.edu/athletics","Men's Track & Field"
653,"Walsh University","Ohio","http://www.walsh.edu/athletics","Men's Wrestling"
653,"Walsh University","Ohio","http://www.walsh.edu/athletics","Women's Basketball"
653,"Walsh University","Ohio","http://www.walsh.edu/athletics","Women's Cross Country"
653,"Walsh University","Ohio","http://www.walsh.edu/athletics","Women's Field Hockey"
653,"Walsh University","Ohio","http://www.walsh.edu/athletics","Women's Golf"
653,"Walsh University","Ohio","http://www.walsh.edu/athletics","Women's Gymnastics"
653,"Walsh University","Ohio","http://www.walsh.edu/athletics","Women's Lacrosse"
653,"Walsh University","Ohio","http://www.walsh.edu/athletics","Women's Rowing/Crew"
653,"Walsh University","Ohio","http://www.walsh.edu/athletics","Women's Soccer"
653,"Walsh University","Ohio","http://www.walsh.edu/athletics","Women's Softball"
653,"Walsh University","Ohio","http://www.walsh.edu/athletics","Women's Swim & Dive"
653,"Walsh University","Ohio","http://www.walsh.edu/athletics","Women's Tennis"
653,"Walsh University","Ohio","http://www.walsh.edu/athletics","Women's Track & Field"
653,"Walsh University","Ohio","http://www.walsh.edu/athletics","Women's Volleyball"
527,"Chaminade University of Honolulu","Hawaii","http://goswords.com/","Men's Baseball"
527,"Chaminade University of Honolulu","Hawaii","http://goswords.com/","Men's Basketball"
527,"Chaminade University of Honolulu","Hawaii","http://goswords.com/","Men's Cross Country"
527,"Chaminade University of Honolulu","Hawaii","http://goswords.com/","Men's Football"
527,"Chaminade University of Honolulu","Hawaii","http://goswords.com/","Men's Golf"
527,"Chaminade University of Honolulu","Hawaii","http://goswords.com/","Men's Lacrosse"
527,"Chaminade University of Honolulu","Hawaii","http://goswords.com/","Men's Rowing/Crew"
527,"Chaminade University of Honolulu","Hawaii","http://goswords.com/","Men's Soccer"
527,"Chaminade University of Honolulu","Hawaii","http://goswords.com/","Men's Swim & Dive"
527,"Chaminade University of Honolulu","Hawaii","http://goswords.com/","Men's Tennis"
527,"Chaminade University of Honolulu","Hawaii","http://goswords.com/","Men's Track & Field"
527,"Chaminade University of Honolulu","Hawaii","http://goswords.com/","Men's Wrestling"
527,"Chaminade University of Honolulu","Hawaii","http://goswords.com/","Women's Basketball"
527,"Chaminade University of Honolulu","Hawaii","http://goswords.com/","Women's Cross Country"
527,"Chaminade University of Honolulu","Hawaii","http://goswords.com/","Women's Field Hockey"
527,"Chaminade University of Honolulu","Hawaii","http://goswords.com/","Women's Golf"
527,"Chaminade University of Honolulu","Hawaii","http://goswords.com/","Women's Gymnastics"
527,"Chaminade University of Honolulu","Hawaii","http://goswords.com/","Women's Lacrosse"
527,"Chaminade University of Honolulu","Hawaii","http://goswords.com/","Women's Rowing/Crew"
527,"Chaminade University of Honolulu","Hawaii","http://goswords.com/","Women's Soccer"
527,"Chaminade University of Honolulu","Hawaii","http://goswords.com/","Women's Softball"
527,"Chaminade University of Honolulu","Hawaii","http://goswords.com/","Women's Swim & Dive"
527,"Chaminade University of Honolulu","Hawaii","http://goswords.com/","Women's Tennis"
527,"Chaminade University of Honolulu","Hawaii","http://goswords.com/","Women's Track & Field"
527,"Chaminade University of Honolulu","Hawaii","http://goswords.com/","Women's Volleyball"
645,"University of Findlay","Ohio","http://athletics.findlay.edu/","Men's Baseball"
645,"University of Findlay","Ohio","http://athletics.findlay.edu/","Men's Basketball"
645,"University of Findlay","Ohio","http://athletics.findlay.edu/","Men's Cross Country"
645,"University of Findlay","Ohio","http://athletics.findlay.edu/","Men's Football"
645,"University of Findlay","Ohio","http://athletics.findlay.edu/","Men's Golf"
645,"University of Findlay","Ohio","http://athletics.findlay.edu/","Men's Lacrosse"
645,"University of Findlay","Ohio","http://athletics.findlay.edu/","Men's Rowing/Crew"
645,"University of Findlay","Ohio","http://athletics.findlay.edu/","Men's Soccer"
645,"University of Findlay","Ohio","http://athletics.findlay.edu/","Men's Swim & Dive"
645,"University of Findlay","Ohio","http://athletics.findlay.edu/","Men's Tennis"
645,"University of Findlay","Ohio","http://athletics.findlay.edu/","Men's Track & Field"
645,"University of Findlay","Ohio","http://athletics.findlay.edu/","Men's Wrestling"
645,"University of Findlay","Ohio","http://athletics.findlay.edu/","Women's Basketball"
645,"University of Findlay","Ohio","http://athletics.findlay.edu/","Women's Cross Country"
645,"University of Findlay","Ohio","http://athletics.findlay.edu/","Women's Field Hockey"
645,"University of Findlay","Ohio","http://athletics.findlay.edu/","Women's Golf"
645,"University of Findlay","Ohio","http://athletics.findlay.edu/","Women's Gymnastics"
645,"University of Findlay","Ohio","http://athletics.findlay.edu/","Women's Lacrosse"
645,"University of Findlay","Ohio","http://athletics.findlay.edu/","Women's Rowing/Crew"
645,"University of Findlay","Ohio","http://athletics.findlay.edu/","Women's Soccer"
645,"University of Findlay","Ohio","http://athletics.findlay.edu/","Women's Softball"
645,"University of Findlay","Ohio","http://athletics.findlay.edu/","Women's Swim & Dive"
645,"University of Findlay","Ohio","http://athletics.findlay.edu/","Women's Tennis"
645,"University of Findlay","Ohio","http://athletics.findlay.edu/","Women's Track & Field"
645,"University of Findlay","Ohio","http://athletics.findlay.edu/","Women's Volleyball"
732,"Saint Martin's University","Washington","http://www.smusaints.com/","Men's Baseball"
732,"Saint Martin's University","Washington","http://www.smusaints.com/","Men's Basketball"
732,"Saint Martin's University","Washington","http://www.smusaints.com/","Men's Cross Country"
732,"Saint Martin's University","Washington","http://www.smusaints.com/","Men's Football"
732,"Saint Martin's University","Washington","http://www.smusaints.com/","Men's Golf"
732,"Saint Martin's University","Washington","http://www.smusaints.com/","Men's Lacrosse"
732,"Saint Martin's University","Washington","http://www.smusaints.com/","Men's Rowing/Crew"
732,"Saint Martin's University","Washington","http://www.smusaints.com/","Men's Soccer"
732,"Saint Martin's University","Washington","http://www.smusaints.com/","Men's Swim & Dive"
732,"Saint Martin's University","Washington","http://www.smusaints.com/","Men's Tennis"
732,"Saint Martin's University","Washington","http://www.smusaints.com/","Men's Track & Field"
732,"Saint Martin's University","Washington","http://www.smusaints.com/","Men's Wrestling"
732,"Saint Martin's University","Washington","http://www.smusaints.com/","Women's Basketball"
732,"Saint Martin's University","Washington","http://www.smusaints.com/","Women's Cross Country"
732,"Saint Martin's University","Washington","http://www.smusaints.com/","Women's Field Hockey"
732,"Saint Martin's University","Washington","http://www.smusaints.com/","Women's Golf"
732,"Saint Martin's University","Washington","http://www.smusaints.com/","Women's Gymnastics"
732,"Saint Martin's University","Washington","http://www.smusaints.com/","Women's Lacrosse"
732,"Saint Martin's University","Washington","http://www.smusaints.com/","Women's Rowing/Crew"
732,"Saint Martin's University","Washington","http://www.smusaints.com/","Women's Soccer"
732,"Saint Martin's University","Washington","http://www.smusaints.com/","Women's Softball"
732,"Saint Martin's University","Washington","http://www.smusaints.com/","Women's Swim & Dive"
732,"Saint Martin's University","Washington","http://www.smusaints.com/","Women's Tennis"
732,"Saint Martin's University","Washington","http://www.smusaints.com/","Women's Track & Field"
732,"Saint Martin's University","Washington","http://www.smusaints.com/","Women's Volleyball"
736,"Bluefield State College","West Virginia","http://www.bluefieldstate.edu/index.php?option=com_flexicontent&view=items&cid=209&id=1565&Itemid=875","Men's Baseball"
736,"Bluefield State College","West Virginia","http://www.bluefieldstate.edu/index.php?option=com_flexicontent&view=items&cid=209&id=1565&Itemid=875","Men's Basketball"
736,"Bluefield State College","West Virginia","http://www.bluefieldstate.edu/index.php?option=com_flexicontent&view=items&cid=209&id=1565&Itemid=875","Men's Cross Country"
736,"Bluefield State College","West Virginia","http://www.bluefieldstate.edu/index.php?option=com_flexicontent&view=items&cid=209&id=1565&Itemid=875","Men's Football"
736,"Bluefield State College","West Virginia","http://www.bluefieldstate.edu/index.php?option=com_flexicontent&view=items&cid=209&id=1565&Itemid=875","Men's Golf"
736,"Bluefield State College","West Virginia","http://www.bluefieldstate.edu/index.php?option=com_flexicontent&view=items&cid=209&id=1565&Itemid=875","Men's Lacrosse"
736,"Bluefield State College","West Virginia","http://www.bluefieldstate.edu/index.php?option=com_flexicontent&view=items&cid=209&id=1565&Itemid=875","Men's Rowing/Crew"
736,"Bluefield State College","West Virginia","http://www.bluefieldstate.edu/index.php?option=com_flexicontent&view=items&cid=209&id=1565&Itemid=875","Men's Soccer"
736,"Bluefield State College","West Virginia","http://www.bluefieldstate.edu/index.php?option=com_flexicontent&view=items&cid=209&id=1565&Itemid=875","Men's Swim & Dive"
736,"Bluefield State College","West Virginia","http://www.bluefieldstate.edu/index.php?option=com_flexicontent&view=items&cid=209&id=1565&Itemid=875","Men's Tennis"
736,"Bluefield State College","West Virginia","http://www.bluefieldstate.edu/index.php?option=com_flexicontent&view=items&cid=209&id=1565&Itemid=875","Men's Track & Field"
736,"Bluefield State College","West Virginia","http://www.bluefieldstate.edu/index.php?option=com_flexicontent&view=items&cid=209&id=1565&Itemid=875","Men's Wrestling"
736,"Bluefield State College","West Virginia","http://www.bluefieldstate.edu/index.php?option=com_flexicontent&view=items&cid=209&id=1565&Itemid=875","Women's Basketball"
736,"Bluefield State College","West Virginia","http://www.bluefieldstate.edu/index.php?option=com_flexicontent&view=items&cid=209&id=1565&Itemid=875","Women's Cross Country"
736,"Bluefield State College","West Virginia","http://www.bluefieldstate.edu/index.php?option=com_flexicontent&view=items&cid=209&id=1565&Itemid=875","Women's Field Hockey"
736,"Bluefield State College","West Virginia","http://www.bluefieldstate.edu/index.php?option=com_flexicontent&view=items&cid=209&id=1565&Itemid=875","Women's Golf"
736,"Bluefield State College","West Virginia","http://www.bluefieldstate.edu/index.php?option=com_flexicontent&view=items&cid=209&id=1565&Itemid=875","Women's Gymnastics"
736,"Bluefield State College","West Virginia","http://www.bluefieldstate.edu/index.php?option=com_flexicontent&view=items&cid=209&id=1565&Itemid=875","Women's Lacrosse"
736,"Bluefield State College","West Virginia","http://www.bluefieldstate.edu/index.php?option=com_flexicontent&view=items&cid=209&id=1565&Itemid=875","Women's Rowing/Crew"
736,"Bluefield State College","West Virginia","http://www.bluefieldstate.edu/index.php?option=com_flexicontent&view=items&cid=209&id=1565&Itemid=875","Women's Soccer"
736,"Bluefield State College","West Virginia","http://www.bluefieldstate.edu/index.php?option=com_flexicontent&view=items&cid=209&id=1565&Itemid=875","Women's Softball"
736,"Bluefield State College","West Virginia","http://www.bluefieldstate.edu/index.php?option=com_flexicontent&view=items&cid=209&id=1565&Itemid=875","Women's Swim & Dive"
736,"Bluefield State College","West Virginia","http://www.bluefieldstate.edu/index.php?option=com_flexicontent&view=items&cid=209&id=1565&Itemid=875","Women's Tennis"
736,"Bluefield State College","West Virginia","http://www.bluefieldstate.edu/index.php?option=com_flexicontent&view=items&cid=209&id=1565&Itemid=875","Women's Track & Field"
736,"Bluefield State College","West Virginia","http://www.bluefieldstate.edu/index.php?option=com_flexicontent&view=items&cid=209&id=1565&Itemid=875","Women's Volleyball"
680,"University of the Sciences","Pennsylvania","http://www.devilsathletics.com/","Men's Baseball"
680,"University of the Sciences","Pennsylvania","http://www.devilsathletics.com/","Men's Basketball"
680,"University of the Sciences","Pennsylvania","http://www.devilsathletics.com/","Men's Cross Country"
680,"University of the Sciences","Pennsylvania","http://www.devilsathletics.com/","Men's Football"
680,"University of the Sciences","Pennsylvania","http://www.devilsathletics.com/","Men's Golf"
680,"University of the Sciences","Pennsylvania","http://www.devilsathletics.com/","Men's Lacrosse"
680,"University of the Sciences","Pennsylvania","http://www.devilsathletics.com/","Men's Rowing/Crew"
680,"University of the Sciences","Pennsylvania","http://www.devilsathletics.com/","Men's Soccer"
680,"University of the Sciences","Pennsylvania","http://www.devilsathletics.com/","Men's Swim & Dive"
680,"University of the Sciences","Pennsylvania","http://www.devilsathletics.com/","Men's Tennis"
680,"University of the Sciences","Pennsylvania","http://www.devilsathletics.com/","Men's Track & Field"
680,"University of the Sciences","Pennsylvania","http://www.devilsathletics.com/","Men's Wrestling"
680,"University of the Sciences","Pennsylvania","http://www.devilsathletics.com/","Women's Basketball"
680,"University of the Sciences","Pennsylvania","http://www.devilsathletics.com/","Women's Cross Country"
680,"University of the Sciences","Pennsylvania","http://www.devilsathletics.com/","Women's Field Hockey"
680,"University of the Sciences","Pennsylvania","http://www.devilsathletics.com/","Women's Golf"
680,"University of the Sciences","Pennsylvania","http://www.devilsathletics.com/","Women's Gymnastics"
680,"University of the Sciences","Pennsylvania","http://www.devilsathletics.com/","Women's Lacrosse"
680,"University of the Sciences","Pennsylvania","http://www.devilsathletics.com/","Women's Rowing/Crew"
680,"University of the Sciences","Pennsylvania","http://www.devilsathletics.com/","Women's Soccer"
680,"University of the Sciences","Pennsylvania","http://www.devilsathletics.com/","Women's Softball"
680,"University of the Sciences","Pennsylvania","http://www.devilsathletics.com/","Women's Swim & Dive"
680,"University of the Sciences","Pennsylvania","http://www.devilsathletics.com/","Women's Tennis"
680,"University of the Sciences","Pennsylvania","http://www.devilsathletics.com/","Women's Track & Field"
680,"University of the Sciences","Pennsylvania","http://www.devilsathletics.com/","Women's Volleyball"
598,"Caldwell College","Nebraska","http://info.caldwell.edu/athletics/","Men's Baseball"
598,"Caldwell College","Nebraska","http://info.caldwell.edu/athletics/","Men's Basketball"
598,"Caldwell College","Nebraska","http://info.caldwell.edu/athletics/","Men's Cross Country"
598,"Caldwell College","Nebraska","http://info.caldwell.edu/athletics/","Men's Football"
598,"Caldwell College","Nebraska","http://info.caldwell.edu/athletics/","Men's Golf"
598,"Caldwell College","Nebraska","http://info.caldwell.edu/athletics/","Men's Lacrosse"
598,"Caldwell College","Nebraska","http://info.caldwell.edu/athletics/","Men's Rowing/Crew"
598,"Caldwell College","Nebraska","http://info.caldwell.edu/athletics/","Men's Soccer"
598,"Caldwell College","Nebraska","http://info.caldwell.edu/athletics/","Men's Swim & Dive"
598,"Caldwell College","Nebraska","http://info.caldwell.edu/athletics/","Men's Tennis"
598,"Caldwell College","Nebraska","http://info.caldwell.edu/athletics/","Men's Track & Field"
598,"Caldwell College","Nebraska","http://info.caldwell.edu/athletics/","Men's Wrestling"
598,"Caldwell College","Nebraska","http://info.caldwell.edu/athletics/","Women's Basketball"
598,"Caldwell College","Nebraska","http://info.caldwell.edu/athletics/","Women's Cross Country"
598,"Caldwell College","Nebraska","http://info.caldwell.edu/athletics/","Women's Field Hockey"
598,"Caldwell College","Nebraska","http://info.caldwell.edu/athletics/","Women's Golf"
598,"Caldwell College","Nebraska","http://info.caldwell.edu/athletics/","Women's Gymnastics"
598,"Caldwell College","Nebraska","http://info.caldwell.edu/athletics/","Women's Lacrosse"
598,"Caldwell College","Nebraska","http://info.caldwell.edu/athletics/","Women's Rowing/Crew"
598,"Caldwell College","Nebraska","http://info.caldwell.edu/athletics/","Women's Soccer"
598,"Caldwell College","Nebraska","http://info.caldwell.edu/athletics/","Women's Softball"
598,"Caldwell College","Nebraska","http://info.caldwell.edu/athletics/","Women's Swim & Dive"
598,"Caldwell College","Nebraska","http://info.caldwell.edu/athletics/","Women's Tennis"
598,"Caldwell College","Nebraska","http://info.caldwell.edu/athletics/","Women's Track & Field"
598,"Caldwell College","Nebraska","http://info.caldwell.edu/athletics/","Women's Volleyball"
733,"Seattle Pacific University","Washington","http://www.spufalcons.com/","Men's Baseball"
733,"Seattle Pacific University","Washington","http://www.spufalcons.com/","Men's Basketball"
733,"Seattle Pacific University","Washington","http://www.spufalcons.com/","Men's Cross Country"
733,"Seattle Pacific University","Washington","http://www.spufalcons.com/","Men's Football"
733,"Seattle Pacific University","Washington","http://www.spufalcons.com/","Men's Golf"
733,"Seattle Pacific University","Washington","http://www.spufalcons.com/","Men's Lacrosse"
733,"Seattle Pacific University","Washington","http://www.spufalcons.com/","Men's Rowing/Crew"
733,"Seattle Pacific University","Washington","http://www.spufalcons.com/","Men's Soccer"
733,"Seattle Pacific University","Washington","http://www.spufalcons.com/","Men's Swim & Dive"
733,"Seattle Pacific University","Washington","http://www.spufalcons.com/","Men's Tennis"
733,"Seattle Pacific University","Washington","http://www.spufalcons.com/","Men's Track & Field"
733,"Seattle Pacific University","Washington","http://www.spufalcons.com/","Men's Wrestling"
733,"Seattle Pacific University","Washington","http://www.spufalcons.com/","Women's Basketball"
733,"Seattle Pacific University","Washington","http://www.spufalcons.com/","Women's Cross Country"
733,"Seattle Pacific University","Washington","http://www.spufalcons.com/","Women's Field Hockey"
733,"Seattle Pacific University","Washington","http://www.spufalcons.com/","Women's Golf"
733,"Seattle Pacific University","Washington","http://www.spufalcons.com/","Women's Gymnastics"
733,"Seattle Pacific University","Washington","http://www.spufalcons.com/","Women's Lacrosse"
733,"Seattle Pacific University","Washington","http://www.spufalcons.com/","Women's Rowing/Crew"
733,"Seattle Pacific University","Washington","http://www.spufalcons.com/","Women's Soccer"
733,"Seattle Pacific University","Washington","http://www.spufalcons.com/","Women's Softball"
733,"Seattle Pacific University","Washington","http://www.spufalcons.com/","Women's Swim & Dive"
733,"Seattle Pacific University","Washington","http://www.spufalcons.com/","Women's Tennis"
733,"Seattle Pacific University","Washington","http://www.spufalcons.com/","Women's Track & Field"
733,"Seattle Pacific University","Washington","http://www.spufalcons.com/","Women's Volleyball"
695,"Newberry College","South Carolina","http://newberryathleticsite.com/","Men's Baseball"
695,"Newberry College","South Carolina","http://newberryathleticsite.com/","Men's Basketball"
695,"Newberry College","South Carolina","http://newberryathleticsite.com/","Men's Cross Country"
695,"Newberry College","South Carolina","http://newberryathleticsite.com/","Men's Football"
695,"Newberry College","South Carolina","http://newberryathleticsite.com/","Men's Golf"
695,"Newberry College","South Carolina","http://newberryathleticsite.com/","Men's Lacrosse"
695,"Newberry College","South Carolina","http://newberryathleticsite.com/","Men's Rowing/Crew"
695,"Newberry College","South Carolina","http://newberryathleticsite.com/","Men's Soccer"
695,"Newberry College","South Carolina","http://newberryathleticsite.com/","Men's Swim & Dive"
695,"Newberry College","South Carolina","http://newberryathleticsite.com/","Men's Tennis"
695,"Newberry College","South Carolina","http://newberryathleticsite.com/","Men's Track & Field"
695,"Newberry College","South Carolina","http://newberryathleticsite.com/","Men's Wrestling"
695,"Newberry College","South Carolina","http://newberryathleticsite.com/","Women's Basketball"
695,"Newberry College","South Carolina","http://newberryathleticsite.com/","Women's Cross Country"
695,"Newberry College","South Carolina","http://newberryathleticsite.com/","Women's Field Hockey"
695,"Newberry College","South Carolina","http://newberryathleticsite.com/","Women's Golf"
695,"Newberry College","South Carolina","http://newberryathleticsite.com/","Women's Gymnastics"
695,"Newberry College","South Carolina","http://newberryathleticsite.com/","Women's Lacrosse"
695,"Newberry College","South Carolina","http://newberryathleticsite.com/","Women's Rowing/Crew"
695,"Newberry College","South Carolina","http://newberryathleticsite.com/","Women's Soccer"
695,"Newberry College","South Carolina","http://newberryathleticsite.com/","Women's Softball"
695,"Newberry College","South Carolina","http://newberryathleticsite.com/","Women's Swim & Dive"
695,"Newberry College","South Carolina","http://newberryathleticsite.com/","Women's Tennis"
695,"Newberry College","South Carolina","http://newberryathleticsite.com/","Women's Track & Field"
695,"Newberry College","South Carolina","http://newberryathleticsite.com/","Women's Volleyball"
658,"Oklahoma Panhandle State University","Oklahoma","http://www.opsu.edu/Athletics/","Men's Baseball"
658,"Oklahoma Panhandle State University","Oklahoma","http://www.opsu.edu/Athletics/","Men's Basketball"
658,"Oklahoma Panhandle State University","Oklahoma","http://www.opsu.edu/Athletics/","Men's Cross Country"
658,"Oklahoma Panhandle State University","Oklahoma","http://www.opsu.edu/Athletics/","Men's Football"
658,"Oklahoma Panhandle State University","Oklahoma","http://www.opsu.edu/Athletics/","Men's Golf"
658,"Oklahoma Panhandle State University","Oklahoma","http://www.opsu.edu/Athletics/","Men's Lacrosse"
658,"Oklahoma Panhandle State University","Oklahoma","http://www.opsu.edu/Athletics/","Men's Rowing/Crew"
658,"Oklahoma Panhandle State University","Oklahoma","http://www.opsu.edu/Athletics/","Men's Soccer"
658,"Oklahoma Panhandle State University","Oklahoma","http://www.opsu.edu/Athletics/","Men's Swim & Dive"
658,"Oklahoma Panhandle State University","Oklahoma","http://www.opsu.edu/Athletics/","Men's Tennis"
658,"Oklahoma Panhandle State University","Oklahoma","http://www.opsu.edu/Athletics/","Men's Track & Field"
658,"Oklahoma Panhandle State University","Oklahoma","http://www.opsu.edu/Athletics/","Men's Wrestling"
658,"Oklahoma Panhandle State University","Oklahoma","http://www.opsu.edu/Athletics/","Women's Basketball"
658,"Oklahoma Panhandle State University","Oklahoma","http://www.opsu.edu/Athletics/","Women's Cross Country"
658,"Oklahoma Panhandle State University","Oklahoma","http://www.opsu.edu/Athletics/","Women's Field Hockey"
658,"Oklahoma Panhandle State University","Oklahoma","http://www.opsu.edu/Athletics/","Women's Golf"
658,"Oklahoma Panhandle State University","Oklahoma","http://www.opsu.edu/Athletics/","Women's Gymnastics"
658,"Oklahoma Panhandle State University","Oklahoma","http://www.opsu.edu/Athletics/","Women's Lacrosse"
658,"Oklahoma Panhandle State University","Oklahoma","http://www.opsu.edu/Athletics/","Women's Rowing/Crew"
658,"Oklahoma Panhandle State University","Oklahoma","http://www.opsu.edu/Athletics/","Women's Soccer"
658,"Oklahoma Panhandle State University","Oklahoma","http://www.opsu.edu/Athletics/","Women's Softball"
658,"Oklahoma Panhandle State University","Oklahoma","http://www.opsu.edu/Athletics/","Women's Swim & Dive"
658,"Oklahoma Panhandle State University","Oklahoma","http://www.opsu.edu/Athletics/","Women's Tennis"
658,"Oklahoma Panhandle State University","Oklahoma","http://www.opsu.edu/Athletics/","Women's Track & Field"
658,"Oklahoma Panhandle State University","Oklahoma","http://www.opsu.edu/Athletics/","Women's Volleyball"
